#Date,"NITRITE, uM"
17/01/2000,0.07
02/02/2000,0.17
21/02/2000,0.31
13/03/2000,0.3
20/03/2000,0.36
27/03/2000,0.39
03/04/2000,0.31
11/04/2000,0.13
12/06/2000,0.05
19/06/2000,0.05
17/07/2000,0.05
21/08/2000,0.05
04/09/2000,0.06
12/10/2000,0.18
16/10/2000,0.44
26/10/2000,0.22
13/11/2000,0.2
19/11/2000,0.21
16/01/2001,0.08
19/02/2001,0.09
27/02/2001,0.27
04/03/2001,0.45
17/04/2001,0.43
22/04/2001,0.32
29/04/2001,0.47
07/05/2001,0.19
07/05/2001,0.18
13/05/2001,0.51
20/05/2001,0.02
30/05/2001,0.29
03/06/2001,0.32
01/07/2001,0.07
08/07/2001,0.27
22/07/2001,0.34
29/07/2001,0.24
12/08/2001,0.17
18/08/2001,0.25
29/08/2001,0.38
02/09/2001,0.31
09/09/2001,0.43
16/09/2001,0.47
23/09/2001,0.49
21/10/2001,0.43
04/11/2001,0.35
18/11/2001,0.13
25/11/2001,0.22
09/12/2001,0.14
16/12/2001,0.12
07/01/2002,0.11
12/02/2002,0.1
07/04/2002,0.32
30/04/2002,0.12
06/05/2002,0.02
16/05/2002,0.19
27/05/2002,0.02
11/06/2002,0.01
18/06/2002,0.02
24/06/2002,0.1
01/07/2002,0.08
09/07/2002,0.1
16/07/2002,0
22/07/2002,0.01
29/07/2002,0.13
05/08/2002,0.07
12/08/2002,0.05
19/08/2002,0.03
28/08/2002,0.03
02/09/2002,0.06
09/09/2002,0.05
16/09/2002,0.11
23/09/2002,0.14
30/09/2002,0.15
07/10/2002,0.23
14/10/2002,0.67
28/10/2002,0.54
04/11/2002,0.91
18/11/2002,0.34
25/11/2002,0.28
03/12/2002,0.05
16/12/2002,0.14
06/01/2003,0.03
13/01/2003,0.12
22/01/2003,0.15
27/01/2003,0.14
03/02/2003,0.1
10/02/2003,0.14
17/02/2003,0.16
03/03/2003,0.32
11/03/2003,0.31
17/03/2003,0.16
31/03/2003,0.05
07/04/2003,0.05
14/04/2003,0.12
22/04/2003,0.03
07/05/2003,0.2
12/05/2003,0
19/05/2003,0
28/05/2003,0
02/06/2003,0
09/06/2003,0
16/06/2003,0
23/06/2003,0
30/06/2003,0
07/07/2003,0
14/07/2003,0
21/07/2003,0
28/07/2003,0
04/08/2003,0
11/08/2003,0
20/08/2003,0
27/08/2003,0
02/09/2003,0.39
11/09/2003,0.25
15/09/2003,0.45
24/09/2003,0.31
29/09/2003,1.22
13/10/2003,0.41
21/10/2003,0.8
27/10/2003,1.04
06/11/2003,1.08
10/11/2003,1.02
24/11/2003,0.07
10/12/2003,0.07
15/12/2003,0.22
21/01/2004,0.17
28/01/2004,0.24
12/02/2004,0.55
16/02/2004,0.33
01/03/2004,0.31
17/03/2004,0.34
29/03/2004,0.27
13/04/2004,0.14
22/04/2004,0
26/04/2004,0
10/05/2004,0.05
17/05/2004,0
24/05/2004,0
02/06/2004,0.11
07/06/2004,0
14/06/2004,0.07
21/06/2004,0.06
30/06/2004,0
06/07/2004,0
12/07/2004,0.07
21/07/2004,0
02/08/2004,0
09/08/2004,0
16/08/2004,0
25/08/2004,0.48
31/08/2004,0.04
06/09/2004,0
21/09/2004,0.35
27/09/2004,0.31
18/10/2004,0.77
26/10/2004,0.46
01/11/2004,0.3
09/11/2004,0.16
16/11/2004,0.17
23/11/2004,0.09
29/11/2004,0.12
06/12/2004,0.32
20/12/2004,0.07
19/01/2005,0.05
24/01/2005,0.11
15/02/2005,0.13
04/05/2005,0.16
09/05/2005,0.05
16/05/2005,0.04
01/06/2005,0.06
06/06/2005,0.03
13/06/2005,0.03
20/06/2005,0.05
27/06/2005,0.03
04/07/2005,0.04
11/07/2005,0.03
25/07/2005,0.03
01/08/2005,0.04
15/08/2005,0.04
30/08/2005,0.03
05/09/2005,0.06
12/09/2005,0.02
19/09/2005,0.18
26/09/2005,0.4
03/10/2005,0.14
10/10/2005,0.19
17/10/2005,0.61
01/11/2005,0.62
07/11/2005,0.17
15/11/2005,0.22
22/11/2005,0.05
05/12/2005,0.2
12/12/2005,0.05
19/12/2005,0.1
28/12/2005,0.08
16/01/2006,0.04
23/01/2006,0.03
02/02/2006,0.07
06/02/2006,0.12
13/02/2006,0.13
21/02/2006,0.14
27/02/2006,0.17
06/03/2006,0.24
15/03/2006,0.24
20/03/2006,0.26
29/03/2006,0.23
03/04/2006,0.27
11/04/2006,0.08
18/04/2006,0.02
04/05/2006,0.01
08/05/2006,0.19
15/05/2006,0.1
23/05/2006,0.1
06/06/2006,0.03
12/06/2006,0.01
20/06/2006,0.01
27/06/2006,0.04
03/07/2006,0.12
17/07/2006,0.04
17/07/2006,0.02
07/08/2006,0.05
14/08/2006,0.01
21/08/2006,0.02
29/08/2006,0.24
29/08/2006,0.24
04/09/2006,0.02
04/09/2006,0.03
12/09/2006,0.03
25/09/2006,0.04
25/09/2006,0.04
03/10/2006,0.15
09/10/2006,0.25
30/10/2006,1.25
06/11/2006,0.45
06/11/2006,0.45
12/12/2006,0.04
12/12/2006,0.04
12/12/2006,0.04
12/12/2006,0.04
15/01/2007,0.07
15/01/2007,0.07
15/01/2007,0.06
15/01/2007,0.06
22/01/2007,0.1
22/01/2007,0.1
22/01/2007,0.08
22/01/2007,0.08
29/01/2007,0.19
29/01/2007,0.2
29/01/2007,0.18
29/01/2007,0.18
05/02/2007,0.14
05/02/2007,0.14
05/02/2007,0.14
05/02/2007,0.13
16/02/2007,0.25
16/02/2007,0.26
16/02/2007,0.25
16/02/2007,0.25
20/02/2007,0.28
20/02/2007,0.28
20/02/2007,0.27
20/02/2007,0.28
26/02/2007,0.32
26/02/2007,0.33
26/02/2007,0.3
26/02/2007,0.29
12/03/2007,0.29
12/03/2007,0.28
12/03/2007,0.25
12/03/2007,0.25
20/03/2007,0.23
20/03/2007,0.23
20/03/2007,0.27
20/03/2007,0.27
26/03/2007,0.22
26/03/2007,0.22
26/03/2007,0.21
26/03/2007,0.21
10/04/2007,0.18
10/04/2007,0.18
10/04/2007,0.18
10/04/2007,0.18
16/04/2007,0.07
16/04/2007,0.07
16/04/2007,0.06
16/04/2007,0.06
23/04/2007,0.11
23/04/2007,0.11
23/04/2007,0.11
23/04/2007,0.1
30/04/2007,0.06
30/04/2007,0.03
08/05/2007,0.02
08/05/2007,0.02
08/05/2007,0.02
08/05/2007,0.02
21/05/2007,0.08
21/05/2007,0.08
21/05/2007,0.06
21/05/2007,0.07
04/06/2007,0.05
04/06/2007,0.04
04/06/2007,0.03
04/06/2007,0.04
11/06/2007,0.06
11/06/2007,0.06
11/06/2007,0.
11/06/2007,0.
18/06/2007,0.02
18/06/2007,0.02
18/06/2007,0.02
18/06/2007,0.02
25/06/2007,0.02
25/06/2007,0.02
25/06/2007,0.02
25/06/2007,0.02
03/07/2007,0.02
03/07/2007,0.02
03/07/2007,0.02
03/07/2007,0.02
09/07/2007,0.03
09/07/2007,0.03
09/07/2007,
09/07/2007,
16/07/2007,0.02
16/07/2007,0.02
16/07/2007,
16/07/2007,
23/07/2007,0.02
23/07/2007,0.02
23/07/2007,
23/07/2007,
30/07/2007,0.02
30/07/2007,0.02
30/07/2007,
30/07/2007,
06/08/2007,0.02
06/08/2007,0.02
06/08/2007,0.02
06/08/2007,
13/08/2007,0.05
13/08/2007,0.07
13/08/2007,
13/08/2007,
20/08/2007,0.37
20/08/2007,0.37
20/08/2007,0.39
20/08/2007,0.38
28/08/2007,0.05
28/08/2007,0.05
28/08/2007,0.04
28/08/2007,0.05
03/09/2007,
03/09/2007,
03/09/2007,0.07
03/09/2007,
10/09/2007,0.06
10/09/2007,0.06
10/09/2007,
10/09/2007,
17/09/2007,0.16
17/09/2007,0.16
17/09/2007,0.15
17/09/2007,0.15
28/09/2007,0.27
28/09/2007,0.27
28/09/2007,0.26
28/09/2007,0.26
02/10/2007,0.58
02/10/2007,0.58
02/10/2007,0.56
02/10/2007,0.57
08/10/2007,0.7
08/10/2007,0.71
08/10/2007,0.68
08/10/2007,0.69
25/10/2007,0.95
25/10/2007,0.98
25/10/2007,0.99
25/10/2007,0.98
30/10/2007,1.11
30/10/2007,1.12
30/10/2007,1.09
30/10/2007,1.1
05/11/2007,0.82
05/11/2007,0.82
05/11/2007,0.81
05/11/2007,0.81
12/11/2007,0.38
12/11/2007,0.38
12/11/2007,0.41
12/11/2007,0.41
22/11/2007,0.16
22/11/2007,0.13
26/11/2007,0.07
26/11/2007,0.07
11/12/2007,0.2
11/12/2007,0.19
11/12/2007,0.16
11/12/2007,0.16
28/01/2008,0.17
28/01/2008,0.17
28/01/2008,0.16
28/01/2008,0.16
08/02/2008,0.2
08/02/2008,0.2
08/02/2008,0.18
08/02/2008,0.19
20/02/2008,0.23
20/02/2008,0.23
20/02/2008,0.22
20/02/2008,0.22
27/02/2008,0.31
27/02/2008,0.32
27/02/2008,0.31
27/02/2008,0.31
05/03/2008,0.34
05/03/2008,0.34
05/03/2008,0.32
05/03/2008,0.33
17/03/2008,0.27
17/03/2008,0.28
17/03/2008,0.27
17/03/2008,0.27
31/03/2008,0.22
31/03/2008,0.21
31/03/2008,0.21
31/03/2008,0.21
07/04/2008,0.23
07/04/2008,0.23
07/04/2008,0.23
07/04/2008,0.23
14/04/2008,0.18
14/04/2008,0.18
14/04/2008,0.17
14/04/2008,0.18
21/04/2008,0.16
21/04/2008,0.16
21/04/2008,0.15
21/04/2008,0.15
28/04/2008,0
28/04/2008,0.03
28/04/2008,0.02
28/04/2008,0.011
06/05/2008,0
06/05/2008,0
06/05/2008,0.06
06/05/2008,0.06
12/05/2008,0
12/05/2008,0
12/05/2008,0
12/05/2008,0
19/05/2008,0
19/05/2008,0
19/05/2008,0
19/05/2008,0
28/05/2008,0
28/05/2008,0
28/05/2008,0
28/05/2008,0
02/06/2008,0
02/06/2008,0
02/06/2008,0
02/06/2008,0
09/06/2008,0
09/06/2008,0
09/06/2008,0
09/06/2008,0
16/06/2008,0
16/06/2008,0
16/06/2008,0
16/06/2008,0
23/06/2008,0
23/06/2008,0
23/06/2008,0
23/06/2008,0
30/06/2008,0
30/06/2008,0
30/06/2008,0.018
30/06/2008,0.02
14/07/2008,0.01
14/07/2008,0.01
14/07/2008,0.01
14/07/2008,0.01
21/07/2008,0
21/07/2008,0
21/07/2008,0
21/07/2008,0
28/07/2008,0
28/07/2008,0
28/07/2008,0
28/07/2008,0
26/08/2008,0.04
26/08/2008,0.03
26/08/2008,0.04
26/08/2008,0.04
02/09/2008,0.05
02/09/2008,0.04
02/09/2008,0.05
02/09/2008,0.05
10/09/2008,0.11
10/09/2008,0.11
10/09/2008,0.12
10/09/2008,0.12
15/09/2008,0.25
15/09/2008,0.25
15/09/2008,0.27
15/09/2008,0.28
22/09/2008,0.16
22/09/2008,0.16
22/09/2008,0.17
22/09/2008,0.17
29/09/2008,1.02
29/09/2008,1.03
29/09/2008,1.04
29/09/2008,1.04
06/10/2008,0.6
06/10/2008,0.59
06/10/2008,0.59
06/10/2008,0.59
13/10/2008,0.57
13/10/2008,0.57
13/10/2008,0.58
13/10/2008,0.58
21/10/2008,0.74
21/10/2008,0.75
21/10/2008,0.81
21/10/2008,0.81
27/10/2008,0.67
27/10/2008,0.68
27/10/2008,0.7
27/10/2008,0.7
03/11/2008,0.6
03/11/2008,0.61
03/11/2008,0.63
03/11/2008,0.62
17/11/2008,0.52
17/11/2008,0.51
17/11/2008,0.54
17/11/2008,0.54
26/11/2008,0.12
26/11/2008,0.13
26/11/2008,0.13
26/11/2008,0.14
01/12/2008,0.22
01/12/2008,0.24
01/12/2008,0.25
01/12/2008,0.24
08/12/2008,0.13
08/12/2008,0.13
08/12/2008,0.13
08/12/2008,0.14
15/12/2008,0.21
15/12/2008,0.21
15/12/2008,0.22
15/12/2008,0.23
22/12/2008,0.23
22/12/2008,0.24
22/12/2008,0.24
22/12/2008,0.24
05/01/2009,0.07
05/01/2009,0.07
05/01/2009,0.08
05/01/2009,0.08
13/01/2009,0.07
13/01/2009,0.09
13/01/2009,0.09
13/01/2009,0.1
21/01/2009,0.21
21/01/2009,0.22
21/01/2009,0.23
21/01/2009,0.24
26/01/2009,0.13
26/01/2009,0.13
26/01/2009,0.13
26/01/2009,0.13
11/02/2009,0.12
11/02/2009,0.07
11/02/2009,0.17
11/02/2009,0.18
16/02/2009,0.18
16/02/2009,0.19
16/02/2009,0.19
16/02/2009,0.2
23/02/2009,0.19
23/02/2009,0.19
23/02/2009,0.2
23/02/2009,0.2
02/03/2009,0.18
02/03/2009,0.19
02/03/2009,0.19
02/03/2009,0.19
09/03/2009,0.22
09/03/2009,0.23
09/03/2009,0.23
09/03/2009,0.24
16/03/2009,0.26
16/03/2009,0.25
16/03/2009,0.25
16/03/2009,0.25
23/03/2009,0.21
23/03/2009,0.21
23/03/2009,0.21
23/03/2009,
30/03/2009,0.18
30/03/2009,0.18
30/03/2009,0.18
30/03/2009,0.18
06/04/2009,0.14
06/04/2009,0.14
06/04/2009,0.14
06/04/2009,0.14
14/04/2009,0.12
14/04/2009,0.11
14/04/2009,0.11
14/04/2009,0.12
21/04/2009,0.06
21/04/2009,0.06
21/04/2009,0.07
21/04/2009,0.07
27/04/2009,0.06
27/04/2009,0.06
27/04/2009,0.05
27/04/2009,0.05
05/05/2009,0.07
05/05/2009,0.08
05/05/2009,0.08
05/05/2009,0.08
14/05/2009,0.01
14/05/2009,0.01
14/05/2009,0.01
14/05/2009,0.01
21/05/2009,0.02
21/05/2009,0.03
21/05/2009,0.03
21/05/2009,0.03
02/06/2009,0
02/06/2009,0
02/06/2009,0
02/06/2009,0
08/06/2009,0
08/06/2009,
08/06/2009,0
08/06/2009,0
15/06/2009,0
15/06/2009,0
15/06/2009,0
15/06/2009,0
22/06/2009,0
22/06/2009,0
22/06/2009,0
22/06/2009,0
29/06/2009,0
29/06/2009,0
29/06/2009,0
29/06/2009,0
07/07/2009,0.01
07/07/2009,0.01
07/07/2009,0.01
07/07/2009,0.01
13/07/2009,0
13/07/2009,0
13/07/2009,0
13/07/2009,0
20/07/2009,0.03
20/07/2009,0.03
20/07/2009,0.02
20/07/2009,0.02
27/07/2009,
27/07/2009,
27/07/2009,
27/07/2009,
11/08/2009,0.06
11/08/2009,0.07
11/08/2009,0.07
11/08/2009,0.07
17/08/2009,0.01
17/08/2009,0.01
17/08/2009,0.01
17/08/2009,0.02
24/08/2009,0.13
24/08/2009,0.14
24/08/2009,0.14
24/08/2009,0.14
01/09/2009,0.02
01/09/2009,0.02
01/09/2009,0.02
01/09/2009,0.02
07/09/2009,0.04
07/09/2009,0.03
07/09/2009,0.03
07/09/2009,0.03
14/09/2009,0.39
14/09/2009,0.38
14/09/2009,0.4
14/09/2009,0.41
22/09/2009,0.61
22/09/2009,0.58
22/09/2009,0.62
22/09/2009,0.62
30/09/2009,0.53
30/09/2009,0.52
30/09/2009,0.53
30/09/2009,0.53
07/10/2009,0.53
07/10/2009,0.57
07/10/2009,0.58
07/10/2009,0.58
12/10/2009,0.65
12/10/2009,0.66
12/10/2009,0.67
12/10/2009,0.67
19/10/2009,0.5
19/10/2009,0.51
19/10/2009,0.52
19/10/2009,0.52
26/10/2009,0.52
26/10/2009,0.53
26/10/2009,0.53
26/10/2009,0.53
09/11/2009,0.13
09/11/2009,0.13
09/11/2009,0.13
09/11/2009,0.13
01/12/2009,0.12
01/12/2009,0.12
01/12/2009,0.12
01/12/2009,0.12
09/12/2009,0.07
09/12/2009,0.11
09/12/2009,0.1
09/12/2009,0.09
15/12/2009,0.27
15/12/2009,0.27
15/12/2009,0.27
15/12/2009,0.28
21/12/2009,0.11
21/12/2009,0.13
21/12/2009,0.13
21/12/2009,0.13
04/01/2010,0.22
04/01/2010,0.22
04/01/2010,0.22
04/01/2010,0.21
11/01/2010,0.16
11/01/2010,0.18
11/01/2010,0.17
11/01/2010,0.16
18/01/2010,0.34
18/01/2010,0.34
18/01/2010,0.31
18/01/2010,0.31
26/01/2010,0.2
26/01/2010,0.21
26/01/2010,0.22
26/01/2010,0.21
01/02/2010,0.2
01/02/2010,0.2
01/02/2010,0.21
01/02/2010,0.21
08/02/2010,0.26
08/02/2010,0.27
08/02/2010,0.27
08/02/2010,0.27
15/02/2010,0.23
15/02/2010,0.23
15/02/2010,0.23
15/02/2010,0.23
25/02/2010,0.25
25/02/2010,0.25
25/02/2010,0.25
25/02/2010,0.25
01/03/2010,0.25
01/03/2010,0.25
01/03/2010,0.26
01/03/2010,0.25
08/03/2010,0.23
08/03/2010,0.24
08/03/2010,0.24
08/03/2010,0.24
15/03/2010,0.2
15/03/2010,0.2
15/03/2010,0.2
15/03/2010,0.2
23/03/2010,0.2
23/03/2010,0.21
23/03/2010,0.21
23/03/2010,0.22
07/04/2010,0.2
07/04/2010,0.2
07/04/2010,0.21
07/04/2010,0.21
12/04/2010,0.13
12/04/2010,0.13
12/04/2010,0.14
12/04/2010,0.14
19/04/2010,0.12
19/04/2010,0.12
19/04/2010,0.12
19/04/2010,0.12
26/04/2010,0.07
26/04/2010,0.07
26/04/2010,0.07
26/04/2010,0.07
04/05/2010,0.04
04/05/2010,0.05
04/05/2010,0.04
04/05/2010,0.04
10/05/2010,0
10/05/2010,0
10/05/2010,0
10/05/2010,0
17/05/2010,0
17/05/2010,0
17/05/2010,0
17/05/2010,0
24/05/2010,0.04
24/05/2010,0.04
24/05/2010,0.05
24/05/2010,0.04
02/06/2010,0.04
02/06/2010,0.04
02/06/2010,0.03
02/06/2010,0.03
07/06/2010,0.04
07/06/2010,0.04
07/06/2010,0.05
07/06/2010,0.04
14/06/2010,0
14/06/2010,0
14/06/2010,0
14/06/2010,0
21/06/2010,0
21/06/2010,0
21/06/2010,0
21/06/2010,0
29/06/2010,0
29/06/2010,0.01
29/06/2010,0
29/06/2010,0
06/07/2010,0
06/07/2010,0
06/07/2010,0
06/07/2010,0
12/07/2010,0
12/07/2010,0
12/07/2010,0
12/07/2010,0
19/07/2010,0.01
19/07/2010,
19/07/2010,0.02
19/07/2010,0.02
26/07/2010,0.03
26/07/2010,0.02
26/07/2010,0.02
26/07/2010,0.01
03/08/2010,0
03/08/2010,0
03/08/2010,0
03/08/2010,0
11/08/2010,0
11/08/2010,0
11/08/2010,0
11/08/2010,0
16/08/2010,0.23
16/08/2010,0.23
16/08/2010,0.23
16/08/2010,0.23
31/08/2010,0.6
31/08/2010,0.63
31/08/2010,0.63
31/08/2010,0.63
06/09/2010,0.03
06/09/2010,0.02
06/09/2010,0.02
06/09/2010,0.02
13/09/2010,0.15
13/09/2010,0.16
13/09/2010,0.13
13/09/2010,0.13
20/09/2010,0
20/09/2010,0
20/09/2010,0
20/09/2010,0
27/09/2010,0.2
27/09/2010,0.2
27/09/2010,0.21
27/09/2010,0.22
04/10/2010,0.59
04/10/2010,0.58
04/10/2010,0.6
04/10/2010,0.59
13/10/2010,0.75
13/10/2010,0.76
13/10/2010,0.75
13/10/2010,
18/10/2010,0.76
18/10/2010,0.76
18/10/2010,0.76
18/10/2010,0.76
25/10/2010,0.31
25/10/2010,
25/10/2010,0.37
25/10/2010,0.32
01/11/2010,0.38
01/11/2010,0.34
01/11/2010,0.34
01/11/2010,0.39
10/11/2010,
10/11/2010,0.26
10/11/2010,
10/11/2010,0.24
16/11/2010,0.1
16/11/2010,0.09
16/11/2010,0.09
16/11/2010,0.09
22/11/2010,0.21
22/11/2010,0.21
22/11/2010,0.21
22/11/2010,0.21
30/11/2010,0.08
30/11/2010,0.08
30/11/2010,0.07
30/11/2010,0.07
06/12/2010,0.07
06/12/2010,0.07
06/12/2010,0.06
06/12/2010,0.06
13/12/2010,0.08
13/12/2010,0.08
13/12/2010,0.08
13/12/2010,0.08
21/12/2010,0.09
21/12/2010,0.09
21/12/2010,0.1
21/12/2010,0.1
06/01/2011,0.11
06/01/2011,0.1
06/01/2011,0.11
06/01/2011,0.1
17/01/2011,0.12
17/01/2011,0.12
17/01/2011,0.11
17/01/2011,0.11
25/01/2011,0.1
25/01/2011,0.1
25/01/2011,0.11
25/01/2011,0.09
31/01/2011,0.11
31/01/2011,0.12
31/01/2011,0.11
31/01/2011,0.11
08/02/2011,0.15
08/02/2011,0.14
08/02/2011,0.14
08/02/2011,0.14
14/02/2011,0.16
14/02/2011,0.15
14/02/2011,0.15
14/02/2011,0.15
22/02/2011,0.22
22/02/2011,0.22
22/02/2011,0.22
22/02/2011,0.22
28/02/2011,0.24
28/02/2011,0.23
28/02/2011,0.24
28/02/2011,0.23
07/03/2011,0.2
07/03/2011,0.2
07/03/2011,0.2
07/03/2011,0.2
14/03/2011,0.18
14/03/2011,0.18
14/03/2011,0.17
14/03/2011,0.18
22/03/2011,0.2
22/03/2011,0.2
22/03/2011,0.2
22/03/2011,0.2
28/03/2011,0.17
28/03/2011,0.17
28/03/2011,0.17
28/03/2011,0.17
06/04/2011,0.04
06/04/2011,0.04
06/04/2011,0.03
06/04/2011,0.03
11/04/2011,0.01
11/04/2011,0.01
11/04/2011,0.01
11/04/2011,0
18/04/2011,0
18/04/2011,0
18/04/2011,0
18/04/2011,0
26/04/2011,0.02
26/04/2011,0.02
26/04/2011,0.02
26/04/2011,0.01
16/05/2011,
16/05/2011,
16/05/2011,
16/05/2011,
01/06/2011,0
01/06/2011,0
01/06/2011,0
01/06/2011,0
06/06/2011,0
06/06/2011,0
06/06/2011,0
06/06/2011,0
14/06/2011,0
14/06/2011,0
14/06/2011,0.01
14/06/2011,0.01
20/06/2011,0
20/06/2011,0
20/06/2011,0
20/06/2011,0
27/06/2011,0.01
27/06/2011,0.01
27/06/2011,0.01
27/06/2011,0.01
04/07/2011,0
04/07/2011,0
04/07/2011,0
04/07/2011,0
11/07/2011,0.02
11/07/2011,0.02
11/07/2011,0.01
11/07/2011,0.01
19/07/2011,0.09
19/07/2011,0.1
19/07/2011,0.09
19/07/2011,0.09
25/07/2011,0.02
25/07/2011,0.01
25/07/2011,0.01
25/07/2011,0
01/08/2011,0.01
01/08/2011,0
01/08/2011,0
01/08/2011,0
08/08/2011,0.02
08/08/2011,0.02
08/08/2011,0.02
08/08/2011,0.02
15/08/2011,0.02
15/08/2011,0.01
15/08/2011,0.01
15/08/2011,0.02
22/08/2011,0
22/08/2011,0
22/08/2011,0
22/08/2011,0
30/08/2011,0.02
30/08/2011,0.02
30/08/2011,0.01
30/08/2011,0.01
15/09/2011,0.27
15/09/2011,0.27
15/09/2011,0.3
15/09/2011,0.3
19/09/2011,0.32
19/09/2011,0.32
19/09/2011,0.32
19/09/2011,0.32
26/09/2011,0.08
26/09/2011,0.08
26/09/2011,0.07
26/09/2011,0.07
03/10/2011,0.07
03/10/2011,0.07
03/10/2011,0.06
03/10/2011,0.07
12/10/2011,0.24
12/10/2011,0.24
12/10/2011,0.23
12/10/2011,0.23
17/10/2011,0.18
17/10/2011,0.17
17/10/2011,0.17
17/10/2011,0.17
25/10/2011,0.51
25/10/2011,0.51
25/10/2011,0.51
25/10/2011,0.51
01/11/2011,0.51
01/11/2011,0.51
01/11/2011,0.51
01/11/2011,0.51
08/11/2011,0.23
08/11/2011,0.23
08/11/2011,0.23
08/11/2011,0.23
16/11/2011,0.13
16/11/2011,0.13
16/11/2011,0.12
16/11/2011,0.13
21/11/2011,0.12
21/11/2011,0.12
21/11/2011,0.12
21/11/2011,0.12
19/12/2011,0.2
19/12/2011,0.2
19/12/2011,0.2
19/12/2011,0.2
09/01/2012,0.18
09/01/2012,0.18
09/01/2012,0.17
09/01/2012,0.16
16/01/2012,0.07
16/01/2012,0.08
16/01/2012,0.07
16/01/2012,0.08
23/01/2012,0.14
23/01/2012,0.14
23/01/2012,0.14
23/01/2012,0.14
30/01/2012,0.24
30/01/2012,0.24
30/01/2012,0.25
30/01/2012,0.26
07/02/2012,0.26
07/02/2012,0.25
13/02/2012,0.32
13/02/2012,0.29
20/02/2012,0.3
20/02/2012,0.3
20/02/2012,0.32
20/02/2012,0.32
27/02/2012,0.37
27/02/2012,0.38
27/02/2012,0.37
27/02/2012,0.37
06/03/2012,0.32
06/03/2012,0.33
06/03/2012,0.38
06/03/2012,0.38
13/03/2012,0.39
13/03/2012,0.39
13/03/2012,0.4
13/03/2012,0.4
19/03/2012,0.32
19/03/2012,0.32
19/03/2012,0.34
19/03/2012,0.34
26/03/2012,0.3
26/03/2012,0.3
26/03/2012,0.26
26/03/2012,0.25
02/04/2012,0.16
02/04/2012,0.16
02/04/2012,0.1
02/04/2012,0.08
11/04/2012,0.08
11/04/2012,0.08
11/04/2012,0.08
11/04/2012,0.08
16/04/2012,0.06
16/04/2012,0.06
16/04/2012,0.06
16/04/2012,0.05
24/04/2012,0.06
24/04/2012,0.06
24/04/2012,0.06
24/04/2012,0.06
01/05/2012,0.07
01/05/2012,0.07
01/05/2012,0.06
01/05/2012,0.06
08/05/2012,0.05
08/05/2012,0.05
08/05/2012,0.05
08/05/2012,0.05
14/05/2012,0.11
14/05/2012,0.11
14/05/2012,0.1
14/05/2012,0.1
21/05/2012,0.02
21/05/2012,0.01
21/05/2012,0.01
21/05/2012,0.01
28/05/2012,0.01
28/05/2012,0.01
28/05/2012,0
28/05/2012,0
11/06/2012,0.02
11/06/2012,0.02
11/06/2012,0.02
11/06/2012,0.02
18/06/2012,0.01
18/06/2012,0.01
18/06/2012,0
18/06/2012,0
25/06/2012,
25/06/2012,
25/06/2012,
25/06/2012,
02/07/2012,0.01
02/07/2012,0.01
02/07/2012,0.01
02/07/2012,0.01
09/07/2012,0.07
09/07/2012,0.07
09/07/2012,0.07
09/07/2012,0.07
23/07/2012,0
23/07/2012,0
23/07/2012,0
23/07/2012,0
30/07/2012,0
30/07/2012,0
30/07/2012,0
30/07/2012,0
06/08/2012,0
06/08/2012,0
06/08/2012,0
06/08/2012,0
14/08/2012,0.02
14/08/2012,0.02
14/08/2012,0.01
14/08/2012,0.01
20/08/2012,0.1
20/08/2012,0.1
20/08/2012,0.09
20/08/2012,0.09
03/09/2012,0.17
03/09/2012,0.17
03/09/2012,0.17
03/09/2012,0.17
10/09/2012,0.02
10/09/2012,0.02
10/09/2012,0.02
10/09/2012,0.02
17/09/2012,0.02
17/09/2012,0.02
17/09/2012,0.02
17/09/2012,0.02
26/09/2012,0.45
26/09/2012,0.45
26/09/2012,0.45
26/09/2012,0.45
08/10/2012,0.58
08/10/2012,0.59
08/10/2012,0.46
08/10/2012,0.46
15/10/2012,1.12
15/10/2012,1.1
15/10/2012,1.11
15/10/2012,
22/10/2012,0.92
22/10/2012,0.92
22/10/2012,0.94
22/10/2012,0.94
30/10/2012,1.02
30/10/2012,1.02
30/10/2012,1.03
30/10/2012,1.03
07/11/2012,0.85
07/11/2012,0.85
07/11/2012,0.86
07/11/2012,0.86
14/11/2012,0.53
14/11/2012,0.54
14/11/2012,0.49
14/11/2012,0.49
28/11/2012,0.21
28/11/2012,0.21
28/11/2012,0.21
28/11/2012,0.21
05/12/2012,0.15
05/12/2012,0.15
05/12/2012,0.14
05/12/2012,0.14
10/12/2012,0.15
10/12/2012,0.15
10/12/2012,0.16
10/12/2012,0.16
18/12/2012,0.18
18/12/2012,0.18
18/12/2012,0.16
18/12/2012,0.16
09/01/2013,0.11
09/01/2013,0.11
09/01/2013,0.08
09/01/2013,0.08
14/01/2013,0.06
14/01/2013,0.06
14/01/2013,0.05
14/01/2013,0.05
21/01/2013,0.07
21/01/2013,0.07
21/01/2013,0.07
21/01/2013,0.07
11/02/2013,0.22
11/02/2013,0.22
11/02/2013,0.2
11/02/2013,0.2
19/02/2013,0.18
19/02/2013,0.18
19/02/2013,0.18
19/02/2013,0.18
25/02/2013,0.19
25/02/2013,0.19
25/02/2013,0.19
25/02/2013,0.19
13/03/2013,0.18
13/03/2013,0.18
13/03/2013,0.18
13/03/2013,0.18
19/03/2013,0.19
19/03/2013,0.19
19/03/2013,0.19
19/03/2013,0.19
25/03/2013,0.23
25/03/2013,0.23
25/03/2013,0.22
25/03/2013,0.22
03/04/2013,0.24
03/04/2013,0.24
03/04/2013,0.22
03/04/2013,0.22
09/04/2013,0.26
09/04/2013,0.26
09/04/2013,0.26
09/04/2013,0.26
17/04/2013,0.25
17/04/2013,0.25
17/04/2013,0.24
17/04/2013,0.24
22/04/2013,0.19
22/04/2013,0.19
22/04/2013,0.19
22/04/2013,0.19
29/04/2013,0.19
29/04/2013,0.19
29/04/2013,0.19
29/04/2013,0.19
07/05/2013,0.13
07/05/2013,0.13
07/05/2013,0.14
07/05/2013,0.14
15/05/2013,0.09
15/05/2013,0.09
15/05/2013,
15/05/2013,
20/05/2013,0.03
20/05/2013,0.03
20/05/2013,0.03
20/05/2013,0.03
29/05/2013,0
29/05/2013,0
29/05/2013,0
29/05/2013,0
03/06/2013,0
03/06/2013,0
03/06/2013,0
03/06/2013,0
10/06/2013,
10/06/2013,
10/06/2013,
10/06/2013,
17/06/2013,0.01
17/06/2013,0.01
17/06/2013,0.01
17/06/2013,0.01
24/06/2013,0
24/06/2013,0
24/06/2013,0
24/06/2013,0
01/07/2013,0.03
01/07/2013,0.03
01/07/2013,0.02
01/07/2013,0.02
08/07/2013,0.01
08/07/2013,0.01
08/07/2013,0.04
08/07/2013,0.03
15/07/2013,0.01
15/07/2013,0.01
15/07/2013,0.01
15/07/2013,0.01
22/07/2013,0
22/07/2013,0
22/07/2013,0
22/07/2013,0
30/07/2013,0
30/07/2013,0
30/07/2013,0
30/07/2013,0
06/08/2013,
06/08/2013,
06/08/2013,
06/08/2013,
12/08/2013,0.01
12/08/2013,0.01
12/08/2013,0
12/08/2013,
19/08/2013,0
19/08/2013,0
19/08/2013,0
19/08/2013,0
27/08/2013,0.01
27/08/2013,0.01
27/08/2013,0.01
27/08/2013,0.01
02/09/2013,0
02/09/2013,0
02/09/2013,0
02/09/2013,0
09/09/2013,0.13
09/09/2013,0.13
09/09/2013,0.13
09/09/2013,0.13
23/09/2013,0.52
23/09/2013,0.51
23/09/2013,0.49
23/09/2013,0.48
30/09/2013,0.93
30/09/2013,0.93
30/09/2013,0.93
30/09/2013,0.93
07/10/2013,0.55
07/10/2013,0.55
07/10/2013,0.56
07/10/2013,0.56
14/10/2013,1.19
14/10/2013,1.19
14/10/2013,1.18
14/10/2013,1.18
30/10/2013,0.39
30/10/2013,0.39
04/11/2013,0.61
04/11/2013,0.61
04/11/2013,0.6
04/11/2013,0.6
11/11/2013,0.51
11/11/2013,0.51
11/11/2013,0.5
11/11/2013,0.5
18/11/2013,0.28
18/11/2013,0.28
18/11/2013,0.29
18/11/2013,0.29
25/11/2013,0.2
25/11/2013,0.2
25/11/2013,0.2
25/11/2013,0.2
02/12/2013,0.15
02/12/2013,0.15
09/12/2013,0.27
09/12/2013,0.27
09/12/2013,0.27
09/12/2013,0.27
17/12/2013,0.15
17/12/2013,0.15
17/12/2013,0.15
17/12/2013,0.15
14/01/2014,0.16
14/01/2014,0.16
14/01/2014,0.16
14/01/2014,0.16
20/01/2014,0.26
20/01/2014,0.26
20/01/2014,0.26
20/01/2014,0.26
29/01/2014,0.19
29/01/2014,0.19
29/01/2014,0.19
29/01/2014,0.19
10/02/2014,0.17
10/02/2014,0.17
10/02/2014,0.17
10/02/2014,0.17
18/02/2014,0.17
18/02/2014,0.17
18/02/2014,0.17
18/02/2014,0.17
05/03/2014,0.13
05/03/2014,0.13
05/03/2014,0.13
05/03/2014,0.13
11/03/2014,0.15
11/03/2014,0.15
11/03/2014,0.15
11/03/2014,0.15
17/03/2014,0.21
17/03/2014,0.21
17/03/2014,0.21
17/03/2014,0.21
25/03/2014,0.24
25/03/2014,0.24
25/03/2014,0.22
25/03/2014,0.22
31/03/2014,0.33
31/03/2014,0.33
31/03/2014,0.31
31/03/2014,0.31
09/04/2014,0.35
09/04/2014,0.35
09/04/2014,0.33
09/04/2014,0.33
14/04/2014,0.31
14/04/2014,0.31
14/04/2014,0.31
14/04/2014,0.31
22/04/2014,0.32
22/04/2014,0.32
22/04/2014,0.32
22/04/2014,0.32
28/04/2014,0.16
28/04/2014,0.16
28/04/2014,0.15
28/04/2014,0.15
06/05/2014,0.01
06/05/2014,0.01
06/05/2014,0.01
06/05/2014,0.01
12/05/2014,0.14
12/05/2014,0.14
12/05/2014,0.13
12/05/2014,0.13
19/05/2014,0
19/05/2014,0
19/05/2014,0
19/05/2014,0
02/06/2014,0.03
02/06/2014,0.03
02/06/2014,0.03
02/06/2014,0.02
09/06/2014,0.01
09/06/2014,0.01
09/06/2014,0.01
09/06/2014,0
16/06/2014,0
16/06/2014,0
16/06/2014,0
16/06/2014,0
23/06/2014,0.01
23/06/2014,0.01
23/06/2014,0.01
23/06/2014,0.01
30/06/2014,0.01
30/06/2014,0.01
30/06/2014,0
30/06/2014,0
07/07/2014,0.02
07/07/2014,0.02
07/07/2014,0.01
07/07/2014,0.01
14/07/2014,0
14/07/2014,0
14/07/2014,0
14/07/2014,0
21/07/2014,0
21/07/2014,0
21/07/2014,0.02
21/07/2014,0.02
28/07/2014,0.01
28/07/2014,0.01
28/07/2014,0
28/07/2014,0
04/08/2014,0.05
04/08/2014,0.05
04/08/2014,0.05
04/08/2014,0.05
18/08/2014,0.26
18/08/2014,0.26
18/08/2014,0.25
18/08/2014,0.25
26/08/2014,0.09
26/08/2014,0.09
26/08/2014,0.08
26/08/2014,0.08
01/09/2014,0.02
01/09/2014,0.02
01/09/2014,0.01
01/09/2014,0.01
08/09/2014,0.02
08/09/2014,0.02
08/09/2014,0.01
08/09/2014,0.01
15/09/2014,0.55
15/09/2014,0.55
15/09/2014,0.55
15/09/2014,0.55
22/09/2014,0.04
22/09/2014,0.04
22/09/2014,0.03
22/09/2014,0.03
29/09/2014,0.14
29/09/2014,0.14
29/09/2014,0.14
29/09/2014,0.14
13/10/2014,0.98
13/10/2014,0.98
13/10/2014,0.98
13/10/2014,0.98
28/10/2014,0.61
28/10/2014,0.61
28/10/2014,0.6
28/10/2014,0.6
05/11/2014,0.73
05/11/2014,0.73
05/11/2014,0.73
05/11/2014,0.73
17/11/2014,0.48
17/11/2014,0.48
17/11/2014,0.47
17/11/2014,0.47
23/11/2014,0.33
23/11/2014,
23/11/2014,0.31
23/11/2014,0.31
02/12/2014,0.14
02/12/2014,0.14
02/12/2014,0.14
02/12/2014,0.15
08/12/2014,0.19
08/12/2014,0.19
08/12/2014,0.19
08/12/2014,0.19
15/12/2014,0.11
15/12/2014,0.1
15/12/2014,0.1
15/12/2014,0.11
05/01/2015,0.1
05/01/2015,0.1
05/01/2015,0.09
05/01/2015,0.09
19/01/2015,0.13
19/01/2015,0.13
19/01/2015,0.13
19/01/2015,0.13
27/01/2015,0.17
27/01/2015,0.17
27/01/2015,0.15
27/01/2015,0.15
02/02/2015,0.17
02/02/2015,0.17
02/02/2015,0.16
02/02/2015,0.16
09/02/2015,0.25
09/02/2015,0.25
09/02/2015,0.25
09/02/2015,0.25
16/02/2015,0.19
16/02/2015,0.19
16/02/2015,0.19
16/02/2015,0.19
10/03/2015,0.2
10/03/2015,0.2
10/03/2015,0.2
10/03/2015,0.19
16/03/2015,0.18
16/03/2015,0.18
16/03/2015,0.18
16/03/2015,0.18
23/03/2015,0.14
23/03/2015,0.14
23/03/2015,0.14
23/03/2015,0.14
30/03/2015,0.14
30/03/2015,0.14
30/03/2015,0.14
30/03/2015,0.14
07/04/2015,0.12
07/04/2015,0.12
07/04/2015,0.12
07/04/2015,0.12
13/04/2015,0.07
13/04/2015,0.07
13/04/2015,0.06
13/04/2015,0.06
20/04/2015,0.07
20/04/2015,0.07
20/04/2015,0.07
20/04/2015,0.07
27/04/2015,0
27/04/2015,0
27/04/2015,0
27/04/2015,0
07/05/2015,0.02
07/05/2015,0.02
07/05/2015,0.01
07/05/2015,0.01
11/05/2015,0.04
11/05/2015,0.04
11/05/2015,0.03
11/05/2015,0.03
20/05/2015,0.02
20/05/2015,0.02
20/05/2015,0.01
20/05/2015,0.01
27/05/2015,0
27/05/2015,0
27/05/2015,0
27/05/2015,0
03/06/2015,0.01
03/06/2015,0.01
03/06/2015,0
03/06/2015,0
08/06/2015,0
08/06/2015,0
08/06/2015,0
08/06/2015,0
15/06/2015,0
15/06/2015,0
15/06/2015,0
15/06/2015,0
22/06/2015,0
22/06/2015,0
22/06/2015,0
22/06/2015,0
29/06/2015,0
29/06/2015,0
29/06/2015,0.01
29/06/2015,0.01
06/07/2015,0.02
06/07/2015,0.02
06/07/2015,0
06/07/2015,0
14/07/2015,0
14/07/2015,0
14/07/2015,0
14/07/2015,
20/07/2015,0
20/07/2015,0
20/07/2015,0
20/07/2015,0
28/07/2015,0.02
28/07/2015,0.02
28/07/2015,0.02
28/07/2015,0.02
03/08/2015,0
03/08/2015,0
03/08/2015,0
03/08/2015,0
10/08/2015,0
10/08/2015,0
10/08/2015,0
10/08/2015,0
17/08/2015,0
17/08/2015,0
17/08/2015,0
17/08/2015,0
24/08/2015,0
24/08/2015,0
01/09/2015,0.14
01/09/2015,0.14
01/09/2015,0.14
01/09/2015,0.14
07/09/2015,0.5
07/09/2015,0.5
07/09/2015,0.5
07/09/2015,0.5
16/09/2015,0.04
16/09/2015,0.04
16/09/2015,0.05
16/09/2015,0.05
23/09/2015,0.15
23/09/2015,0.15
23/09/2015,0.15
23/09/2015,0.15
29/09/2015,0.07
29/09/2015,0.07
29/09/2015,0.05
29/09/2015,0.05
07/10/2015,0.16
07/10/2015,0.16
07/10/2015,0.16
07/10/2015,0.16
13/10/2015,0.74
13/10/2015,0.74
13/10/2015,0.73
13/10/2015,0.73
19/10/2015,0.92
19/10/2015,0.92
19/10/2015,0.91
19/10/2015,0.91
27/10/2015,0.86
27/10/2015,0.86
27/10/2015,0.85
27/10/2015,0.85
02/11/2015,0.53
02/11/2015,0.53
02/11/2015,0.53
02/11/2015,0.53
16/11/2015,0.05
16/11/2015,0.05
16/11/2015,0.05
16/11/2015,0.05
23/11/2015,0.11
23/11/2015,0.11
23/11/2015,0.1
23/11/2015,0.1
07/12/2015,0.05
07/12/2015,0.05
07/12/2015,0.05
07/12/2015,0.05
15/12/2015,0.12
15/12/2015,0.12
15/12/2015,0.11
15/12/2015,0.11
05/01/2016,0.12
05/01/2016,0.12
05/01/2016,0.07
05/01/2016,0.07
13/01/2016,0.08
13/01/2016,0.08
13/01/2016,0.07
13/01/2016,0.07
19/01/2016,0.08
19/01/2016,0.08
19/01/2016,0.08
19/01/2016,0.08
28/01/2016,0.21
28/01/2016,0.21
28/01/2016,0.14
28/01/2016,0.14
02/02/2016,0.08
02/02/2016,0.08
02/02/2016,0.06
02/02/2016,0.06
10/02/2016,0.1
10/02/2016,0.1
10/02/2016,0.08
10/02/2016,0.08
15/02/2016,0.1
15/02/2016,0.1
15/02/2016,0.08
15/02/2016,0.08
23/02/2016,0.18
23/02/2016,0.18
23/02/2016,0.15
23/02/2016,0.15
29/02/2016,0.15
29/02/2016,0.15
29/02/2016,0.14
29/02/2016,0.14
07/03/2016,0.24
07/03/2016,0.24
07/03/2016,0.23
07/03/2016,0.23
14/03/2016,0.27
14/03/2016,0.25
14/03/2016,0.25
14/03/2016,0.25
21/03/2016,0.22
21/03/2016,0.22
21/03/2016,0.22
21/03/2016,0.22
30/03/2016,0.2
30/03/2016,0.2
04/04/2016,0.24
04/04/2016,0.24
04/04/2016,0.23
04/04/2016,0.22
11/04/2016,0.29
11/04/2016,0.29
11/04/2016,0.28
11/04/2016,0.28
18/04/2016,0.18
18/04/2016,0.18
18/04/2016,0.18
18/04/2016,0.18
25/04/2016,0.2
25/04/2016,0.2
25/04/2016,0.2
25/04/2016,0.2
03/05/2016,0.14
03/05/2016,0.14
03/05/2016,0.14
03/05/2016,0.14
10/05/2016,0.02
10/05/2016,0.02
10/05/2016,0.03
10/05/2016,0.03
16/05/2016,0
16/05/2016,0
16/05/2016,0
16/05/2016,0
23/05/2016,0
23/05/2016,0
23/05/2016,0
23/05/2016,0
01/06/2016,0.01
01/06/2016,0.01
01/06/2016,0
01/06/2016,0
08/06/2016,0
08/06/2016,0
08/06/2016,0
08/06/2016,0
13/06/2016,0
13/06/2016,0
13/06/2016,0
13/06/2016,0
20/06/2016,0
20/06/2016,0
20/06/2016,0
20/06/2016,0
27/06/2016,0
27/06/2016,0
27/06/2016,0
27/06/2016,0
05/07/2016,0
04/07/2016,0
04/07/2016,0
04/07/2016,0
12/07/2016,0
12/07/2016,0
12/07/2016,0
12/07/2016,0
18/07/2016,0
18/07/2016,0
18/07/2016,0
18/07/2016,0
25/07/2016,0
25/07/2016,0
25/07/2016,0
25/07/2016,0
01/08/2016,0
01/08/2016,0
01/08/2016,0
01/08/2016,0
08/08/2016,0
08/08/2016,0
08/08/2016,0
08/08/2016,0
15/08/2016,0
15/08/2016,0
15/08/2016,0
15/08/2016,0
23/08/2016,0
23/08/2016,0
23/08/2016,0
23/08/2016,0
01/09/2016,0.01
01/09/2016,0.01
01/09/2016,0.02
01/09/2016,0.02
05/09/2016,0.16
05/09/2016,0.16
05/09/2016,0.16
05/09/2016,0.16
13/09/2016,0.02
13/09/2016,0.02
13/09/2016,0.02
13/09/2016,0.02
19/09/2016,0.19
19/09/2016,0.19
19/09/2016,0.19
19/09/2016,0.19
28/09/2016,0.27
28/09/2016,0.27
28/09/2016,0.26
28/09/2016,0.26
10/10/2016,0.52
10/10/2016,0.52
10/10/2016,0.52
10/10/2016,0.52
19/10/2016,0.67
19/10/2016,0.67
19/10/2016,0.66
19/10/2016,0.66
24/10/2016,0.82
24/10/2016,0.82
24/10/2016,0.82
24/10/2016,0.82
01/11/2016,1.06
01/11/2016,1.06
01/11/2016,1.06
01/11/2016,1.06
07/11/2016,1.16
07/11/2016,1.16
07/11/2016,1.16
07/11/2016,1.16
14/11/2016,1.32
14/11/2016,1.32
14/11/2016,
14/11/2016,1.31
23/11/2016,
23/11/2016,
23/11/2016,
23/11/2016,
28/11/2016,0.55
28/11/2016,0.55
28/11/2016,0.53
28/11/2016,0.53
05/12/2016,1.38
05/12/2016,1.38
05/12/2016,1.39
05/12/2016,1.39
12/12/2016,0.08
12/12/2016,0.08
12/12/2016,0.07
12/12/2016,0.07
19/12/2016,0.08
19/12/2016,0.08
19/12/2016,0.07
19/12/2016,0.07
10/01/2017,0.24
10/01/2017,0.23
10/01/2017,0.22
10/01/2017,0.22
16/01/2017,0.27
16/01/2017,0.27
16/01/2017,0.27
16/01/2017,0.27
23/01/2017,0.18
23/01/2017,0.19
23/01/2017,0.17
23/01/2017,0.17
30/01/2017,0.19
30/01/2017,0.19
30/01/2017,0.19
30/01/2017,0.19
06/02/2017,0.35
06/02/2017,0.36
06/02/2017,0.29
06/02/2017,0.29
14/02/2017,0.19
14/02/2017,0.19
14/02/2017,0.17
14/02/2017,0.17
20/02/2017,0.27
20/02/2017,0.27
20/02/2017,0.26
20/02/2017,0.26
01/03/2017,0.13
01/03/2017,0.13
01/03/2017,0.11
01/03/2017,0.11
06/03/2017,0.17
06/03/2017,0.17
06/03/2017,0.16
06/03/2017,0.16
15/03/2017,0.27
15/03/2017,0.27
15/03/2017,0.24
15/03/2017,0.25
22/03/2017,0.29
22/03/2017,0.29
22/03/2017,0.27
22/03/2017,0.27
27/03/2017,0.34
27/03/2017,0.34
27/03/2017,0.34
27/03/2017,0.34
06/04/2017,0.28
06/04/2017,0.29
06/04/2017,0.28
06/04/2017,0.29
10/04/2017,0.19
10/04/2017,0.19
10/04/2017,0.19
10/04/2017,0.19
18/04/2017,0.19
18/04/2017,0.19
18/04/2017,0.19
18/04/2017,0.19
24/04/2017,0.05
24/04/2017,0.05
24/04/2017,0.06
24/04/2017,0.06
02/05/2017,0.09
02/05/2017,0.09
02/05/2017,0.09
02/05/2017,0.09
08/05/2017,0.04
08/05/2017,0.04
08/05/2017,0.04
08/05/2017,0.04
17/05/2017,0
17/05/2017,0
17/05/2017,0
17/05/2017,0
22/05/2017,0
22/05/2017,0
22/05/2017,0
22/05/2017,0
31/05/2017,0
31/05/2017,0
31/05/2017,0
31/05/2017,0
12/06/2017,0
12/06/2017,0
12/06/2017,0
12/06/2017,0
19/06/2017,0
19/06/2017,0
19/06/2017,<0.01
19/06/2017,0
26/06/2017,0
26/06/2017,0
26/06/2017,0
26/06/2017,0
03/07/2017,0
03/07/2017,0
03/07/2017,0
03/07/2017,0
17/07/2017,0
17/07/2017,0
17/07/2017,0
17/07/2017,0
24/07/2017,0.04
24/07/2017,0.04
24/07/2017,0.03
24/07/2017,0.03
31/07/2017,0.01
31/07/2017,0.01
31/07/2017,0
31/07/2017,0
07/08/2017,0
07/08/2017,0
07/08/2017,0
07/08/2017,0
14/08/2017,0
14/08/2017,0
14/08/2017,0
14/08/2017,0
21/08/2017,0
21/08/2017,0
21/08/2017,0
21/08/2017,0
29/08/2017,0
29/08/2017,0
29/08/2017,0
29/08/2017,0
04/09/2017,0
04/09/2017,0
04/09/2017,0
04/09/2017,0
18/09/2017,0.74
18/09/2017,0.75
18/09/2017,0.72
18/09/2017,0.71
25/09/2017,0.76
25/09/2017,0.76
25/09/2017,0.74
25/09/2017,0.74
03/10/2017,0.99
03/10/2017,1
03/10/2017,0.97
03/10/2017,0.97
25/10/2017,0.58
25/10/2017,0.58
25/10/2017,0.57
25/10/2017,0.57
30/10/2017,0.25
30/10/2017,0.25
30/10/2017,0.27
30/10/2017,0.27
06/11/2017,0.11
06/11/2017,0.11
13/11/2017,0.11
13/11/2017,0.11
13/11/2017,0.1
13/11/2017,0.1
21/11/2017,0.13
21/11/2017,0.13
21/11/2017,0.12
21/11/2017,0.12
28/11/2017,0.17
28/11/2017,0.17
28/11/2017,0.16
28/11/2017,0.17
04/12/2017,0.1
04/12/2017,0.1
04/12/2017,0.09
04/12/2017,0.1
12/12/2017,0.22
12/12/2017,0.22
12/12/2017,0.23
12/12/2017,0.23
18/12/2017,0.23
18/12/2017,0.23
18/12/2017,0.22
18/12/2017,0.22
09/01/2018,0.11
09/01/2018,0.11
09/01/2018,0.11
09/01/2018,0.11
22/01/2018,0.16
22/01/2018,0.16
22/01/2018,0.16
22/01/2018,0.16
30/01/2018,0.11
30/01/2018,0.11
30/01/2018,0.11
30/01/2018,0.11
05/02/2018,0.14
05/02/2018,0.14
05/02/2018,0.13
05/02/2018,0.13
12/02/2018,0.19
12/02/2018,0.19
12/02/2018,0.2
12/02/2018,0.16
19/02/2018,0.27
19/02/2018,0.27
19/02/2018,0.27
19/02/2018,0.27
28/02/2018,
28/02/2018,
28/02/2018,
28/02/2018,
05/03/2018,0.25
05/03/2018,0.26
05/03/2018,0.24
05/03/2018,0.24
12/03/2018,0.31
12/03/2018,0.31
12/03/2018,
12/03/2018,0.28
20/03/2018,0.24
20/03/2018,0.24
20/03/2018,0.23
20/03/2018,0.23
26/03/2018,0.21
26/03/2018,0.2
26/03/2018,0.19
26/03/2018,0.19
05/04/2018,0.24
05/04/2018,0.24
05/04/2018,0.27
05/04/2018,0.27
10/04/2018,0.28
10/04/2018,0.28
10/04/2018,0.27
10/04/2018,0.27
19/04/2018,0.15
19/04/2018,0.15
19/04/2018,0.15
19/04/2018,0.15
23/04/2018,0.18
23/04/2018,0.18
23/04/2018,0.17
23/04/2018,0.17
30/04/2018,0.06
30/04/2018,0.06
30/04/2018,0.06
30/04/2018,0.06
08/05/2018,0
08/05/2018,0
08/05/2018,0
08/05/2018,0
14/05/2018,0
14/05/2018,0
14/05/2018,0
14/05/2018,0
21/05/2018,0
21/05/2018,0
21/05/2018,0
21/05/2018,0
30/05/2018,0
30/05/2018,0
30/05/2018,0
30/05/2018,0
04/06/2018,0
04/06/2018,0
04/06/2018,0
04/06/2018,0
11/06/2018,0
11/06/2018,0
11/06/2018,0
11/06/2018,0
18/06/2018,0
18/06/2018,0
18/06/2018,0
18/06/2018,0
25/06/2018,0
25/06/2018,0
25/06/2018,0
25/06/2018,0
02/07/2018,0
02/07/2018,0
02/07/2018,0
02/07/2018,0
09/07/2018,0
09/07/2018,0
09/07/2018,0
09/07/2018,0
16/07/2018,0
16/07/2018,0
16/07/2018,0
16/07/2018,0
23/07/2018,0
23/07/2018,0
23/07/2018,0
23/07/2018,0
30/07/2018,0
30/07/2018,0
30/07/2018,0
30/07/2018,0
06/08/2018,0
06/08/2018,0
06/08/2018,0
06/08/2018,0
13/08/2018,0
13/08/2018,0
20/08/2018,0
20/08/2018,0
20/08/2018,0
20/08/2018,0
28/08/2018,0
28/08/2018,0
28/08/2018,0
28/08/2018,0
03/09/2018,0.02
03/09/2018,0.02
10/09/2018,0
10/09/2018,0
10/09/2018,0
10/09/2018,0
17/09/2018,0
17/09/2018,0
17/09/2018,0
17/09/2018,0
24/09/2018,0.58
24/09/2018,0.58
24/09/2018,0.57
24/09/2018,0.57
01/10/2018,0.29
01/10/2018,0.29
01/10/2018,0.29
01/10/2018,0.29
08/10/2018,0.52
08/10/2018,0.52
08/10/2018,0.51
08/10/2018,0.51
17/10/2018,0.97
17/10/2018,0.97
17/10/2018,0.94
17/10/2018,0.94
22/10/2018,0.6
22/10/2018,0.6
22/10/2018,0.6
22/10/2018,0.6
29/10/2018,0.4
29/10/2018,0.4
29/10/2018,0.39
29/10/2018,0.39
05/11/2018,0.19
05/11/2018,0.19
05/11/2018,0.18
05/11/2018,0.18
13/11/2018,0.43
13/11/2018,0.43
13/11/2018,0.41
13/11/2018,0.41
20/11/2018,0.15
20/11/2018,0.15
20/11/2018,0.15
20/11/2018,0.15
26/11/2018,0.16
26/11/2018,0.14
26/11/2018,0.18
26/11/2018,0.18
04/12/2018,0.26
04/12/2018,0.26
04/12/2018,0.22
04/12/2018,0.23
10/12/2018,0.23
10/12/2018,0.23
10/12/2018,
10/12/2018,0.22
17/12/2018,0.19
17/12/2018,0.19
17/12/2018,0.19
17/12/2018,0.18
07/01/2019,0.1
07/01/2019,0.1
07/01/2019,0.1
07/01/2019,0.1
14/01/2019,0.13
14/01/2019,0.13
14/01/2019,
14/01/2019,0.12
24/01/2019,0.17
24/01/2019,0.17
24/01/2019,0.17
24/01/2019,0.17
28/01/2019,0.16
28/01/2019,0.16
28/01/2019,0.16
28/01/2019,0.16
06/02/2019,0.19
06/02/2019,0.19
06/02/2019,0.19
06/02/2019,0.19
11/02/2019,0.3
11/02/2019,0.3
11/02/2019,0.28
11/02/2019,0.28
18/02/2019,0.25
18/02/2019,0.25
18/02/2019,0.26
18/02/2019,0.26
26/02/2019,0.32
26/02/2019,0.32
26/02/2019,0.29
26/02/2019,0.29
08/03/2019,0.34
08/03/2019,0.34
08/03/2019,0.33
08/03/2019,0.34
11/03/2019,0.36
11/03/2019,0.36
11/03/2019,0.36
11/03/2019,0.36
18/03/2019,0.25
18/03/2019,0.25
18/03/2019,0.24
18/03/2019,0.24
25/03/2019,0.25
25/03/2019,0.25
25/03/2019,0.24
25/03/2019,0.24
01/04/2019,0.28
01/04/2019,0.28
01/04/2019,0.27
01/04/2019,0.27
09/04/2019,0.26
09/04/2019,0.26
09/04/2019,0.26
09/04/2019,0.26
16/04/2019,0.2
16/04/2019,0.2
16/04/2019,0.2
16/04/2019,0.2
23/04/2019,0.04
23/04/2019,0.04
23/04/2019,0.03
23/04/2019,0.03
29/04/2019,0.01
29/04/2019,0.01
29/04/2019,0.01
29/04/2019,0.01
07/05/2019,0
07/05/2019,0
07/05/2019,0
07/05/2019,0
13/05/2019,0
13/05/2019,0
13/05/2019,0
13/05/2019,0
20/05/2019,0
20/05/2019,0
20/05/2019,0
20/05/2019,0
30/05/2019,0
30/05/2019,0
30/05/2019,0
30/05/2019,0
03/06/2019,0
03/06/2019,0
03/06/2019,0
03/06/2019,0
10/06/2019,0
10/06/2019,0
10/06/2019,0
10/06/2019,0
17/06/2019,0
17/06/2019,0
24/06/2019,0
24/06/2019,0
24/06/2019,0
24/06/2019,0
01/07/2019,0
01/07/2019,0
01/07/2019,0
01/07/2019,0
15/07/2019,0
15/07/2019,0
15/07/2019,0
15/07/2019,0
22/07/2019,0
22/07/2019,0
22/07/2019,0
22/07/2019,0
29/07/2019,0
29/07/2019,0
29/07/2019,0.01
29/07/2019,0.01
05/08/2019,0.01
05/08/2019,0.01
05/08/2019,<0.01
05/08/2019,<0.01
12/08/2019,0
12/08/2019,0
12/08/2019,0
12/08/2019,0
19/08/2019,0
19/08/2019,0
19/08/2019,0
19/08/2019,0
27/08/2019,0
27/08/2019,0
27/08/2019,0
27/08/2019,0
02/09/2019,0.11
02/09/2019,0.11
02/09/2019,0.11
02/09/2019,0.11
09/09/2019,0.74
09/09/2019,0.74
09/09/2019,0.74
09/09/2019,0.74
16/09/2019,0.34
16/09/2019,0.34
16/09/2019,0.34
16/09/2019,0.34
02/10/2019,0.68
02/10/2019,0.68
02/10/2019,0.68
02/10/2019,0.68
21/10/2019,0.76
21/10/2019,0.76
21/10/2019,0.74
21/10/2019,0.74
26/10/2019,0.7
26/10/2019,0.7
26/10/2019,0.7
26/10/2019,0.7
05/11/2019,0.32
05/11/2019,0.32
05/11/2019,0.33
05/11/2019,0.33
11/11/2019,0
11/11/2019,0
11/11/2019,0
11/11/2019,0
18/11/2019,0.06
18/11/2019,0.06
18/11/2019,0.05
18/11/2019,0.05
25/11/2019,0.08
25/11/2019,0.08
25/11/2019,0.08
25/11/2019,0.08
02/12/2019,0.15
02/12/2019,0.15
02/12/2019,0.15
02/12/2019,0.15
17/12/2019,0.08
17/12/2019,0.08
17/12/2019,0.08
17/12/2019,0.08
08/01/2020,0.06
08/01/2020,0.06
08/01/2020,0.05
08/01/2020,0.05
20/01/2020,0.16
20/01/2020,0.16
20/01/2020,0.14
20/01/2020,0.14
29/01/2020,0.14
29/01/2020,0.14
29/01/2020,0.12
29/01/2020,0.12
05/02/2020,0.13
05/02/2020,0.14
05/02/2020,0.13
05/02/2020,0.13
27/02/2020,0.14
27/02/2020,0.14
27/02/2020,0.14
27/02/2020,0.14
02/03/2020,0.24
02/03/2020,0.24
02/03/2020,0.19
02/03/2020,0.19
16/03/2020,0.22
16/03/2020,0.22
16/03/2020,0.22
16/03/2020,0.22
23/03/2020,0.24
23/03/2020,0.24
23/03/2020,0.23
23/03/2020,0.23
01/04/2020,0.19
01/04/2020,0.19
07/04/2020,0.2
07/04/2020,0.21
14/04/2020,0.16
14/04/2020,0.17
23/04/2020,0.11
23/04/2020,0.11
27/04/2020,0.09
27/04/2020,0.09
04/05/2020,0
04/05/2020,0
12/05/2020,0.04
12/05/2020,0.05
18/05/2020,0
18/05/2020,0
27/05/2020,0
27/05/2020,0
01/06/2020,0
01/06/2020,0
08/06/2020,0.03
08/06/2020,0.03
15/06/2020,0.06
15/06/2020,0.06
23/06/2020,0
23/06/2020,0
01/07/2020,0.04
01/07/2020,0.04
07/07/2020,0.17
07/07/2020,0.17
14/07/2020,0
14/07/2020,0
20/07/2020,0
20/07/2020,0
28/07/2020,
28/07/2020,
03/08/2020,0
03/08/2020,0
10/08/2020,0
10/08/2020,0
17/08/2020,0
17/08/2020,0
24/08/2020,0.11
24/08/2020,0.11
01/09/2020,0
01/09/2020,0
07/09/2020,0.13
07/09/2020,0.13
14/09/2020,0.02
14/09/2020,0.02
21/09/2020,0.38
21/09/2020,0.39
28/09/2020,0.92
28/09/2020,0.92
12/10/2020,1.04
12/10/2020,1.04
04/11/2020,0.42
04/11/2020,0.42
09/11/2020,0.17
09/11/2020,0.17
23/11/2020,0.13
23/11/2020,0.13
30/11/2020,0.09
30/11/2020,0.09
07/12/2020,0.1
07/12/2020,0.1
04/01/2021,0.06
04/01/2021,0.06
11/01/2021,0.12
11/01/2021,0.12
18/01/2021,0.16
18/01/2021,0.16
25/01/2021,0.17
25/01/2021,0.17
04/02/2021,0.26
04/02/2021,0.26
08/02/2021,0.22
08/02/2021,0.22
22/02/2021,0.32
22/02/2021,0.32
01/03/2021,0.22
01/03/2021,0.22
08/03/2021,0.29
08/03/2021,0.29
23/03/2021,0.32
23/03/2021,0.32
30/03/2021,0.29
30/03/2021,0.29
06/04/2021,0.28
06/04/2021,0.28
13/04/2021,0.27
13/04/2021,0.27
20/04/2021,0.1
20/04/2021,0.1
27/04/2021,0.07
27/04/2021,0.07
05/05/2021,0.02
05/05/2021,0.02
12/05/2021,0.02
12/05/2021,0.02
17/05/2021,0.01
17/05/2021,0.01
25/05/2021,0.11
25/05/2021,0.11
02/06/2021,0
02/06/2021,0
07/06/2021,0.02
07/06/2021,0.02
14/06/2021,0
14/06/2021,0
21/06/2021,0
21/06/2021,0
28/06/2021,0
28/06/2021,0
05/07/2021,0
05/07/2021,0
12/07/2021,0
12/07/2021,0
19/07/2021,0
19/07/2021,0
26/07/2021,0
26/07/2021,0
02/08/2021,0.01
02/08/2021,0.01
10/08/2021,0
10/08/2021,0
16/08/2021,0
16/08/2021,0
23/08/2021,0.03
23/08/2021,0.03
31/08/2021,0
31/08/2021,0
06/09/2021,0.05
06/09/2021,0.05
13/09/2021,0.09
13/09/2021,0.09
