#Date,SILICATE
17/01/2000,3.62
02/02/2000,3.23
21/02/2000,2.9
13/03/2000,2.38
20/03/2000,2.15
27/03/2000,2.22
03/04/2000,1.76
11/04/2000,0.88
12/06/2000,0.46
19/06/2000,0.13
17/07/2000,0.13
21/08/2000,1.89
04/09/2000,2.93
12/10/2000,5.35
16/10/2000,7.3
26/10/2000,6.39
13/11/2000,5.48
19/11/2000,5.61
16/01/2001,4.96
19/02/2001,2.9
27/02/2001,3.78
04/03/2001,2.32
17/04/2001,2.21
22/04/2001,1.14
29/04/2001,1.12
07/05/2001,0.67
07/05/2001,1.74
13/05/2001,1.06
20/05/2001,0.37
30/05/2001,0.82
03/06/2001,0.75
01/07/2001,0.46
08/07/2001,1.54
22/07/2001,1.2
29/07/2001,0.57
12/08/2001,0.53
18/08/2001,0.55
29/08/2001,1.02
02/09/2001,1.39
09/09/2001,2.06
16/09/2001,1.33
23/09/2001,1.51
21/10/2001,2.68
04/11/2001,2.93
18/11/2001,2.59
25/11/2001,3
09/12/2001,3.13
16/12/2001,3.3
07/01/2002,2.21
12/02/2002,3.03
07/04/2002,1.07
30/04/2002,0.84
06/05/2002,0.74
16/05/2002,0.74
27/05/2002,3.33
11/06/2002,0.44
18/06/2002,0.72
24/06/2002,
01/07/2002,0.15
09/07/2002,
16/07/2002,0.21
22/07/2002,0.1
29/07/2002,0.01
05/08/2002,0.32
12/08/2002,2.67
19/08/2002,2.58
28/08/2002,1.23
02/09/2002,1.6
09/09/2002,1.75
16/09/2002,1.58
23/09/2002,5.1
30/09/2002,1.63
07/10/2002,3.9
14/10/2002,2.88
28/10/2002,3.28
04/11/2002,3.4
18/11/2002,5.05
25/11/2002,6.41
03/12/2002,3.32
16/12/2002,6.19
06/01/2003,4.4
13/01/2003,5.26
22/01/2003,5.63
27/01/2003,7.44
03/02/2003,6.94
10/02/2003,6.7
17/02/2003,7.41
03/03/2003,2.5
11/03/2003,5.1
17/03/2003,4.12
31/03/2003,5.02
07/04/2003,1.73
14/04/2003,5.98
22/04/2003,4.76
07/05/2003,8.03
12/05/2003,0.61
19/05/2003,0.94
28/05/2003,0.58
02/06/2003,0.35
09/06/2003,0.46
16/06/2003,0.29
23/06/2003,0.29
30/06/2003,0.25
07/07/2003,0.75
14/07/2003,1.35
21/07/2003,0.31
28/07/2003,0.52
04/08/2003,7.05
11/08/2003,6.06
20/08/2003,2.76
27/08/2003,2.67
02/09/2003,3.1
11/09/2003,3.83
15/09/2003,3.42
24/09/2003,1.69
29/09/2003,5.23
13/10/2003,2.28
21/10/2003,2.69
27/10/2003,2.97
06/11/2003,6.99
10/11/2003,8.29
24/11/2003,3.38
10/12/2003,3.9
15/12/2003,4.44
21/01/2004,4.37
28/01/2004,8.9
12/02/2004,7.91
16/02/2004,10.38
01/03/2004,3.44
17/03/2004,4.13
29/03/2004,3.35
13/04/2004,1.34
22/04/2004,0.79
26/04/2004,1.27
10/05/2004,0.81
17/05/2004,0.28
24/05/2004,0.64
02/06/2004,0.46
07/06/2004,0.29
14/06/2004,1.07
21/06/2004,0.94
30/06/2004,0.24
06/07/2004,0.21
12/07/2004,0.89
21/07/2004,0.22
02/08/2004,0.48
09/08/2004,0.78
16/08/2004,7.15
25/08/2004,9.65
31/08/2004,0.31
06/09/2004,0.87
21/09/2004,3.14
27/09/2004,4.27
18/10/2004,13.66
26/10/2004,10.3
01/11/2004,9.93
09/11/2004,7.98
16/11/2004,8.93
23/11/2004,8.91
29/11/2004,
06/12/2004,7.66
20/12/2004,4.35
19/01/2005,
24/01/2005,5.13
15/02/2005,4.68
04/05/2005,7.42
09/05/2005,1.68
16/05/2005,1.42
01/06/2005,5.55
06/06/2005,5.49
13/06/2005,5.39
20/06/2005,4.23
27/06/2005,3.86
04/07/2005,4.85
11/07/2005,3.89
25/07/2005,0.78
01/08/2005,6.27
15/08/2005,2
30/08/2005,2.36
05/09/2005,2.99
12/09/2005,
19/09/2005,
26/09/2005,
03/10/2005,
10/10/2005,
17/10/2005,
01/11/2005,
07/11/2005,
15/11/2005,
22/11/2005,
05/12/2005,
12/12/2005,
19/12/2005,
28/12/2005,
16/01/2006,
23/01/2006,
02/02/2006,2.33
06/02/2006,4.22
13/02/2006,2.24
21/02/2006,2.09
27/02/2006,3.05
06/03/2006,3.44
15/03/2006,2.77
20/03/2006,3.07
29/03/2006,2.11
03/04/2006,3.81
11/04/2006,0.37
18/04/2006,0.23
04/05/2006,0.23
08/05/2006,2.39
15/05/2006,2.94
23/05/2006,1.26
06/06/2006,0.18
12/06/2006,0.14
20/06/2006,0.25
27/06/2006,0.29
03/07/2006,0.5
17/07/2006,0.52
17/07/2006,0.56
07/08/2006,1.45
14/08/2006,2.17
21/08/2006,2.91
29/08/2006,2.39
29/08/2006,2.4
04/09/2006,0.92
04/09/2006,0.93
12/09/2006,2.45
25/09/2006,3.94
25/09/2006,4.08
03/10/2006,7.22
09/10/2006,5.61
30/10/2006,9.47
06/11/2006,3.87
06/11/2006,3.84
12/12/2006,4.57
12/12/2006,4.69
12/12/2006,4.57
12/12/2006,4.69
15/01/2007,3.52
15/01/2007,3.53
15/01/2007,3.51
15/01/2007,3.53
22/01/2007,4.14
22/01/2007,4.17
22/01/2007,4.15
22/01/2007,4.19
29/01/2007,5.92
29/01/2007,5.9
29/01/2007,5.89
29/01/2007,5.9
05/02/2007,3.94
05/02/2007,4
05/02/2007,3.97
05/02/2007,3.94
16/02/2007,4.07
16/02/2007,4.19
16/02/2007,4.22
16/02/2007,4.18
20/02/2007,4.33
20/02/2007,4.35
20/02/2007,4.42
20/02/2007,4.51
26/02/2007,4.96
26/02/2007,4.98
26/02/2007,5.08
26/02/2007,5.03
12/03/2007,5.46
12/03/2007,5.49
12/03/2007,5.36
12/03/2007,5.41
20/03/2007,4.35
20/03/2007,4.37
20/03/2007,4.37
20/03/2007,4.34
26/03/2007,4.2
26/03/2007,4.25
26/03/2007,4.16
26/03/2007,4.2
10/04/2007,3.91
10/04/2007,4.02
10/04/2007,3.98
10/04/2007,3.98
16/04/2007,3.22
16/04/2007,3.25
16/04/2007,3.33
16/04/2007,3.31
23/04/2007,1.66
23/04/2007,1.66
23/04/2007,1.72
23/04/2007,1.68
30/04/2007,0.7
30/04/2007,0.73
08/05/2007,
08/05/2007,
08/05/2007,
08/05/2007,
21/05/2007,
21/05/2007,
21/05/2007,
21/05/2007,
04/06/2007,1.02
04/06/2007,1.01
04/06/2007,1.03
04/06/2007,1.06
11/06/2007,0.61
11/06/2007,0.58
11/06/2007,0.68
11/06/2007,0.61
18/06/2007,0.33
18/06/2007,0.34
18/06/2007,0.34
18/06/2007,0.34
25/06/2007,0.3
25/06/2007,0.34
25/06/2007,0.27
25/06/2007,0.26
03/07/2007,0.25
03/07/2007,0.21
03/07/2007,0.24
03/07/2007,0.22
09/07/2007,0.32
09/07/2007,0.31
09/07/2007,0.31
09/07/2007,0.3
16/07/2007,0.11
16/07/2007,0.11
16/07/2007,
16/07/2007,
23/07/2007,
23/07/2007,
23/07/2007,
23/07/2007,
30/07/2007,0.93
30/07/2007,0.94
30/07/2007,
30/07/2007,
06/08/2007,1.39
06/08/2007,1.34
06/08/2007,1.34
06/08/2007,
13/08/2007,1.94
13/08/2007,1.88
13/08/2007,
13/08/2007,
20/08/2007,2.87
20/08/2007,2.9
20/08/2007,2.92
20/08/2007,2.93
28/08/2007,2.55
28/08/2007,2.56
28/08/2007,2.57
28/08/2007,2.58
03/09/2007,1.13
03/09/2007,1.11
03/09/2007,1.23
03/09/2007,1.28
10/09/2007,1.73
10/09/2007,1.7
10/09/2007,
10/09/2007,
17/09/2007,2.13
17/09/2007,2.15
17/09/2007,2.18
17/09/2007,2.16
28/09/2007,2.33
28/09/2007,2.33
28/09/2007,2.36
28/09/2007,2.36
02/10/2007,2.89
02/10/2007,2.92
02/10/2007,2.96
02/10/2007,2.93
08/10/2007,2.67
08/10/2007,2.65
08/10/2007,2.66
08/10/2007,2.66
25/10/2007,2.61
25/10/2007,2.69
25/10/2007,2.77
25/10/2007,2.8
30/10/2007,3.54
30/10/2007,3.54
30/10/2007,3.64
30/10/2007,3.6
05/11/2007,2.65
05/11/2007,2.66
05/11/2007,2.72
05/11/2007,2.72
12/11/2007,2.85
12/11/2007,2.83
12/11/2007,2.77
12/11/2007,2.8
22/11/2007,2.75
22/11/2007,2.73
26/11/2007,2.52
26/11/2007,2.54
11/12/2007,4.62
11/12/2007,4.64
11/12/2007,4.59
11/12/2007,4.58
28/01/2008,6.07
28/01/2008,6.06
28/01/2008,6.05
28/01/2008,6.12
08/02/2008,4.61
08/02/2008,4.6
08/02/2008,4.65
08/02/2008,4.6
20/02/2008,3.83
20/02/2008,3.76
20/02/2008,3.74
20/02/2008,3.76
27/02/2008,4.84
27/02/2008,4.79
27/02/2008,4.81
27/02/2008,4.84
05/03/2008,4.85
05/03/2008,4.84
05/03/2008,4.78
05/03/2008,4.77
17/03/2008,4.38
17/03/2008,4.37
17/03/2008,4.44
17/03/2008,4.49
31/03/2008,2.9
31/03/2008,2.79
31/03/2008,3.09
31/03/2008,2.87
07/04/2008,2.83
07/04/2008,2.88
07/04/2008,2.85
07/04/2008,2.81
14/04/2008,2.69
14/04/2008,2.65
14/04/2008,2.63
14/04/2008,2.65
21/04/2008,2.88
21/04/2008,2.94
21/04/2008,2.84
21/04/2008,2.88
28/04/2008,1.41
28/04/2008,1.45
28/04/2008,1.36
28/04/2008,1.4
06/05/2008,
06/05/2008,
06/05/2008,
06/05/2008,
12/05/2008,
12/05/2008,
12/05/2008,
12/05/2008,
19/05/2008,0.25
19/05/2008,0.26
19/05/2008,0.27
19/05/2008,0.31
28/05/2008,0.77
28/05/2008,0.76
28/05/2008,0.74
28/05/2008,0.78
02/06/2008,0.31
02/06/2008,0.34
02/06/2008,0.35
02/06/2008,0.33
09/06/2008,0.69
09/06/2008,0.67
09/06/2008,0.67
09/06/2008,0.72
16/06/2008,0.2
16/06/2008,0.18
16/06/2008,0.23
16/06/2008,0.19
23/06/2008,
23/06/2008,
23/06/2008,
23/06/2008,
30/06/2008,0.35
30/06/2008,0.35
30/06/2008,0.36
30/06/2008,0.38
14/07/2008,0.18
14/07/2008,0.16
14/07/2008,0.16
14/07/2008,0.12
21/07/2008,0.12
21/07/2008,0.13
21/07/2008,0.11
21/07/2008,0.08
28/07/2008,0.18
28/07/2008,0.12
28/07/2008,0.11
28/07/2008,0.11
26/08/2008,0.18
26/08/2008,0.19
26/08/2008,0.14
26/08/2008,0.14
02/09/2008,0.62
02/09/2008,0.55
02/09/2008,0.44
02/09/2008,0.43
10/09/2008,4.17
10/09/2008,3.3
10/09/2008,2.97
10/09/2008,2.77
15/09/2008,6.04
15/09/2008,5.46
15/09/2008,5.23
15/09/2008,5.02
22/09/2008,2.05
22/09/2008,2.05
22/09/2008,2.04
22/09/2008,2.03
29/09/2008,3.75
29/09/2008,3.75
29/09/2008,3.72
29/09/2008,3.73
06/10/2008,3.38
06/10/2008,3.33
06/10/2008,3.3
06/10/2008,3.31
13/10/2008,2.84
13/10/2008,2.82
13/10/2008,2.84
13/10/2008,2.83
21/10/2008,4.1
21/10/2008,4.19
21/10/2008,4.24
21/10/2008,4.22
27/10/2008,4.06
27/10/2008,4.03
27/10/2008,4.03
27/10/2008,4.04
03/11/2008,2.58
03/11/2008,2.59
03/11/2008,2.63
03/11/2008,2.6
17/11/2008,5.99
17/11/2008,6
17/11/2008,6.05
17/11/2008,6.05
26/11/2008,5.12
26/11/2008,5.23
26/11/2008,5.16
26/11/2008,5.13
01/12/2008,5.54
01/12/2008,5.62
01/12/2008,5.76
01/12/2008,5.9
08/12/2008,5.64
08/12/2008,5.66
08/12/2008,5.68
08/12/2008,5.97
15/12/2008,5.75
15/12/2008,5.71
15/12/2008,5.74
15/12/2008,5.75
22/12/2008,5.94
22/12/2008,5.93
22/12/2008,5.93
22/12/2008,5.89
05/01/2009,4.46
05/01/2009,4.59
05/01/2009,4.61
05/01/2009,4.57
13/01/2009,5.47
13/01/2009,5.45
13/01/2009,5.46
13/01/2009,5.49
21/01/2009,7
21/01/2009,6.91
21/01/2009,7.07
21/01/2009,7.07
26/01/2009,5.46
26/01/2009,5.44
26/01/2009,5.42
26/01/2009,5.5
11/02/2009,5.16
11/02/2009,5.25
11/02/2009,5.51
11/02/2009,5.56
16/02/2009,4.38
16/02/2009,4.44
16/02/2009,4.35
16/02/2009,4.34
23/02/2009,4.9
23/02/2009,4.96
23/02/2009,4.99
23/02/2009,4.96
02/03/2009,3.8
02/03/2009,3.82
02/03/2009,3.81
02/03/2009,3.81
09/03/2009,3.79
09/03/2009,3.79
09/03/2009,3.79
09/03/2009,3.77
16/03/2009,3.22
16/03/2009,3.34
16/03/2009,3.37
16/03/2009,3.38
23/03/2009,3.76
23/03/2009,3.74
23/03/2009,3.75
23/03/2009,
30/03/2009,1.54
30/03/2009,1.55
30/03/2009,1.56
30/03/2009,1.56
06/04/2009,2.44
06/04/2009,2.48
06/04/2009,2.62
06/04/2009,2.41
14/04/2009,1.37
14/04/2009,1.58
14/04/2009,1.69
14/04/2009,1.73
21/04/2009,2.02
21/04/2009,1.98
21/04/2009,2.07
21/04/2009,2.08
27/04/2009,0.99
27/04/2009,1.02
27/04/2009,0.98
27/04/2009,1
05/05/2009,1.65
05/05/2009,1.65
05/05/2009,1.65
05/05/2009,1.65
14/05/2009,0.89
14/05/2009,0.88
14/05/2009,0.83
14/05/2009,0.84
21/05/2009,1.14
21/05/2009,1.16
21/05/2009,1.21
21/05/2009,1.22
02/06/2009,
02/06/2009,
02/06/2009,
02/06/2009,
08/06/2009,0.57
08/06/2009,
08/06/2009,0.63
08/06/2009,0.52
15/06/2009,0.52
15/06/2009,0.54
15/06/2009,0.51
15/06/2009,0.51
22/06/2009,0.24
22/06/2009,0.24
22/06/2009,0.16
22/06/2009,0.18
29/06/2009,
29/06/2009,0.18
29/06/2009,0.17
29/06/2009,0.12
07/07/2009,0.15
07/07/2009,0.16
07/07/2009,0.15
07/07/2009,0.17
13/07/2009,0.43
13/07/2009,0.4
13/07/2009,0.42
13/07/2009,0.39
20/07/2009,
20/07/2009,0.27
20/07/2009,0.23
20/07/2009,0.23
27/07/2009,
27/07/2009,
27/07/2009,
27/07/2009,
11/08/2009,1.48
11/08/2009,1.43
11/08/2009,1.45
11/08/2009,1.42
17/08/2009,2.77
17/08/2009,2.72
17/08/2009,2.7
17/08/2009,2.71
24/08/2009,2.63
24/08/2009,2.6
24/08/2009,2.6
24/08/2009,2.6
01/09/2009,2.97
01/09/2009,2.98
01/09/2009,2.98
01/09/2009,2.98
07/09/2009,3.55
07/09/2009,3.23
07/09/2009,3.5
07/09/2009,3.42
14/09/2009,3.19
14/09/2009,3.16
14/09/2009,3.21
14/09/2009,3.23
22/09/2009,
22/09/2009,3.02
22/09/2009,3.07
22/09/2009,3.08
30/09/2009,2.21
30/09/2009,2.18
30/09/2009,2.19
30/09/2009,2.18
07/10/2009,2.29
07/10/2009,2.3
07/10/2009,2.26
07/10/2009,2.23
12/10/2009,2.25
12/10/2009,2.27
12/10/2009,2.28
12/10/2009,2.29
19/10/2009,2.48
19/10/2009,2.47
19/10/2009,2.47
19/10/2009,2.5
26/10/2009,3.36
26/10/2009,3.37
26/10/2009,3.37
26/10/2009,3.36
09/11/2009,3.45
09/11/2009,3.54
09/11/2009,3.52
09/11/2009,3.52
01/12/2009,4.56
01/12/2009,4.51
01/12/2009,4.57
01/12/2009,4.59
09/12/2009,4.33
09/12/2009,4.35
09/12/2009,4.34
09/12/2009,4.34
15/12/2009,6.22
15/12/2009,6.2
15/12/2009,6.19
15/12/2009,6.2
21/12/2009,4.83
21/12/2009,4.8
21/12/2009,4.79
21/12/2009,4.82
04/01/2010,4.73
04/01/2010,4.74
04/01/2010,4.73
04/01/2010,4.73
11/01/2010,4.58
11/01/2010,4.58
11/01/2010,4.59
11/01/2010,4.62
18/01/2010,6.39
18/01/2010,6.42
18/01/2010,6.37
18/01/2010,6.42
26/01/2010,4.89
26/01/2010,4.84
26/01/2010,4.91
26/01/2010,4.91
01/02/2010,4.26
01/02/2010,
01/02/2010,4.28
01/02/2010,4.31
08/02/2010,4.74
08/02/2010,4.75
08/02/2010,4.76
08/02/2010,4.79
15/02/2010,5.16
15/02/2010,5.14
15/02/2010,5.13
15/02/2010,5.14
25/02/2010,2.8
25/02/2010,2.81
25/02/2010,2.77
25/02/2010,2.77
01/03/2010,4.43
01/03/2010,4.42
01/03/2010,4.38
01/03/2010,4.38
08/03/2010,3.83
08/03/2010,3.78
08/03/2010,3.71
08/03/2010,3.71
15/03/2010,3.3
15/03/2010,3.28
15/03/2010,3.22
15/03/2010,3.22
23/03/2010,3
23/03/2010,2.97
23/03/2010,2.88
23/03/2010,2.85
07/04/2010,3.61
07/04/2010,3.58
07/04/2010,3.58
07/04/2010,3.57
12/04/2010,1.01
12/04/2010,1.06
12/04/2010,1.01
12/04/2010,1.01
19/04/2010,0.54
19/04/2010,0.54
19/04/2010,0.54
19/04/2010,0.54
26/04/2010,0.89
26/04/2010,0.89
26/04/2010,0.83
26/04/2010,0.83
04/05/2010,0.57
04/05/2010,0.57
04/05/2010,0.57
04/05/2010,0.56
10/05/2010,0.62
10/05/2010,0.62
10/05/2010,0.61
10/05/2010,0.62
17/05/2010,0.42
17/05/2010,0.44
17/05/2010,0.43
17/05/2010,0.46
24/05/2010,0.17
24/05/2010,0.14
24/05/2010,0.16
24/05/2010,0.17
02/06/2010,0.16
02/06/2010,0.17
02/06/2010,0.19
02/06/2010,0.18
07/06/2010,0.12
07/06/2010,0.12
07/06/2010,0.12
07/06/2010,0.1
14/06/2010,0.36
14/06/2010,0.35
14/06/2010,0.35
14/06/2010,0.35
21/06/2010,0.62
21/06/2010,0.61
21/06/2010,0.63
21/06/2010,0.63
29/06/2010,0.29
29/06/2010,0.3
29/06/2010,0.22
29/06/2010,0.23
06/07/2010,
06/07/2010,
06/07/2010,
06/07/2010,
12/07/2010,0.94
12/07/2010,0.94
12/07/2010,0.94
12/07/2010,0.94
19/07/2010,
19/07/2010,
19/07/2010,
19/07/2010,
26/07/2010,0.3
26/07/2010,0.23
26/07/2010,0.21
26/07/2010,0.24
03/08/2010,
03/08/2010,
03/08/2010,
03/08/2010,
11/08/2010,1.66
11/08/2010,1.71
11/08/2010,1.74
11/08/2010,1.72
16/08/2010,3.22
16/08/2010,3.19
16/08/2010,3.18
16/08/2010,3.18
31/08/2010,3.58
31/08/2010,3.62
31/08/2010,3.64
31/08/2010,3.68
06/09/2010,1.23
06/09/2010,1.21
06/09/2010,1.21
06/09/2010,1.22
13/09/2010,1.56
13/09/2010,1.5
13/09/2010,1.63
13/09/2010,1.62
20/09/2010,0.99
20/09/2010,1
20/09/2010,1.01
20/09/2010,1
27/09/2010,1.34
27/09/2010,1.36
27/09/2010,1.35
27/09/2010,1.35
04/10/2010,1.8
04/10/2010,1.8
04/10/2010,1.82
04/10/2010,1.8
13/10/2010,1.99
13/10/2010,2.01
13/10/2010,2.01
13/10/2010,2.15
18/10/2010,2.68
18/10/2010,2.71
18/10/2010,2.69
18/10/2010,2.71
25/10/2010,2.36
25/10/2010,
25/10/2010,2.11
25/10/2010,
01/11/2010,
01/11/2010,
01/11/2010,2.34
01/11/2010,2.33
10/11/2010,
10/11/2010,3.73
10/11/2010,
10/11/2010,3.58
16/11/2010,
16/11/2010,2.52
16/11/2010,2.51
16/11/2010,2.51
22/11/2010,3.48
22/11/2010,3.46
22/11/2010,3.47
22/11/2010,3.52
30/11/2010,2.66
30/11/2010,2.65
30/11/2010,2.62
30/11/2010,2.63
06/12/2010,2.74
06/12/2010,2.74
06/12/2010,2.47
06/12/2010,
13/12/2010,2.69
13/12/2010,2.66
13/12/2010,2.94
13/12/2010,2.93
21/12/2010,2.44
21/12/2010,2.44
21/12/2010,2.45
21/12/2010,
06/01/2011,2.25
06/01/2011,2.27
06/01/2011,2.07
06/01/2011,1.95
17/01/2011,2.74
17/01/2011,2.75
17/01/2011,2.92
17/01/2011,2.84
25/01/2011,2.85
25/01/2011,2.76
25/01/2011,2.74
25/01/2011,
31/01/2011,2.63
31/01/2011,2.65
31/01/2011,2.6
31/01/2011,2.59
08/02/2011,2.63
08/02/2011,2.65
08/02/2011,2.71
08/02/2011,2.6
14/02/2011,2.63
14/02/2011,2.64
14/02/2011,2.67
14/02/2011,2.63
22/02/2011,2.94
22/02/2011,2.94
22/02/2011,2.93
22/02/2011,2.96
28/02/2011,
28/02/2011,
28/02/2011,
28/02/2011,
07/03/2011,
07/03/2011,
07/03/2011,
07/03/2011,
14/03/2011,1.8
14/03/2011,1.8
14/03/2011,1.81
14/03/2011,1.8
22/03/2011,
22/03/2011,
22/03/2011,
22/03/2011,
28/03/2011,1.18
28/03/2011,1.18
28/03/2011,1.17
28/03/2011,1.18
06/04/2011,0.09
06/04/2011,0.09
06/04/2011,0.1
06/04/2011,0.1
11/04/2011,
11/04/2011,
11/04/2011,
11/04/2011,
18/04/2011,0.07
18/04/2011,0.07
18/04/2011,0.08
18/04/2011,0.07
26/04/2011,0.5
26/04/2011,0.49
26/04/2011,0.5
26/04/2011,0.5
16/05/2011,2.16
16/05/2011,2.19
16/05/2011,2.15
16/05/2011,
01/06/2011,0.25
01/06/2011,0.25
01/06/2011,0.22
01/06/2011,0.25
06/06/2011,0.18
06/06/2011,0.17
06/06/2011,0.18
06/06/2011,0.18
14/06/2011,0.38
14/06/2011,0.38
14/06/2011,0.39
14/06/2011,0.35
20/06/2011,
20/06/2011,0.48
20/06/2011,0.46
20/06/2011,0.45
27/06/2011,0.17
27/06/2011,0.19
27/06/2011,0.22
27/06/2011,0.22
04/07/2011,0.27
04/07/2011,0.25
04/07/2011,0.25
04/07/2011,0.23
11/07/2011,0.41
11/07/2011,0.42
11/07/2011,0.33
11/07/2011,0.32
19/07/2011,1.56
19/07/2011,1.55
19/07/2011,1.56
19/07/2011,1.56
25/07/2011,1.28
25/07/2011,1.3
25/07/2011,1.32
25/07/2011,1.32
01/08/2011,0.78
01/08/2011,0.77
01/08/2011,0.79
01/08/2011,0.79
08/08/2011,1.25
08/08/2011,1.25
08/08/2011,1.21
08/08/2011,1.2
15/08/2011,0.97
15/08/2011,0.96
15/08/2011,0.94
15/08/2011,0.94
22/08/2011,0.9
22/08/2011,0.9
22/08/2011,0.83
22/08/2011,0.82
30/08/2011,0.86
30/08/2011,0.86
30/08/2011,1.14
30/08/2011,1.14
15/09/2011,2.05
15/09/2011,2.06
15/09/2011,2.06
15/09/2011,2.06
19/09/2011,3.02
19/09/2011,3.02
19/09/2011,2.98
19/09/2011,2.97
26/09/2011,1.17
26/09/2011,1.17
26/09/2011,1.11
26/09/2011,1.11
03/10/2011,1.99
03/10/2011,1.99
03/10/2011,1.99
03/10/2011,1.98
12/10/2011,3.88
12/10/2011,3.89
12/10/2011,3.89
12/10/2011,3.89
17/10/2011,3.71
17/10/2011,3.71
17/10/2011,3.72
17/10/2011,3.72
25/10/2011,4.76
25/10/2011,4.74
25/10/2011,4.74
25/10/2011,4.74
01/11/2011,4.04
01/11/2011,4.07
01/11/2011,4.05
01/11/2011,4.04
08/11/2011,3.19
08/11/2011,3.19
08/11/2011,3.19
08/11/2011,3.2
16/11/2011,2.5
16/11/2011,2.52
16/11/2011,2.51
16/11/2011,2.5
21/11/2011,2.34
21/11/2011,2.34
21/11/2011,2.33
21/11/2011,2.3
19/12/2011,5.39
19/12/2011,5.38
19/12/2011,5.37
19/12/2011,5.39
09/01/2012,3.98
09/01/2012,3.97
09/01/2012,3.97
09/01/2012,3.96
16/01/2012,3.66
16/01/2012,3.69
16/01/2012,3.93
16/01/2012,3.91
23/01/2012,3.65
23/01/2012,3.65
23/01/2012,3.61
23/01/2012,3.6
30/01/2012,3.29
30/01/2012,3.26
30/01/2012,3.23
30/01/2012,3.24
07/02/2012,3.34
07/02/2012,3.31
13/02/2012,3.85
13/02/2012,3.97
20/02/2012,3.84
20/02/2012,3.88
20/02/2012,3.88
20/02/2012,3.87
27/02/2012,3.44
27/02/2012,3.59
27/02/2012,3.62
27/02/2012,3.6
06/03/2012,3.38
06/03/2012,3.26
06/03/2012,3.48
06/03/2012,3.44
13/03/2012,3.29
13/03/2012,3.3
13/03/2012,3.31
13/03/2012,3.3
19/03/2012,3.06
19/03/2012,3.16
19/03/2012,3.15
19/03/2012,3.16
26/03/2012,
26/03/2012,
26/03/2012,
26/03/2012,
02/04/2012,1.18
02/04/2012,1.2
02/04/2012,1.16
02/04/2012,1.16
11/04/2012,0.43
11/04/2012,0.44
11/04/2012,0.44
11/04/2012,0.42
16/04/2012,0.14
16/04/2012,0.14
16/04/2012,0.29
16/04/2012,0.29
24/04/2012,0.3
24/04/2012,0.29
24/04/2012,0.25
24/04/2012,0.23
01/05/2012,1.46
01/05/2012,1.46
01/05/2012,1.32
01/05/2012,1.33
08/05/2012,1.57
08/05/2012,1.53
08/05/2012,1.62
08/05/2012,1.61
14/05/2012,1.62
14/05/2012,1.62
14/05/2012,1.59
14/05/2012,1.57
21/05/2012,0.33
21/05/2012,0.31
21/05/2012,0.33
21/05/2012,0.33
28/05/2012,0.17
28/05/2012,0.21
28/05/2012,
28/05/2012,0.22
11/06/2012,0.36
11/06/2012,0.36
11/06/2012,0.34
11/06/2012,0.33
18/06/2012,0.13
18/06/2012,0.11
18/06/2012,0.08
18/06/2012,0.08
25/06/2012,
25/06/2012,
25/06/2012,
25/06/2012,
02/07/2012,0.21
02/07/2012,0.19
02/07/2012,0.17
02/07/2012,0.17
09/07/2012,1.37
09/07/2012,1.37
09/07/2012,1.35
09/07/2012,1.35
23/07/2012,0.11
23/07/2012,0.11
23/07/2012,0.1
23/07/2012,0.1
30/07/2012,0.53
30/07/2012,0.53
30/07/2012,0.52
30/07/2012,0.52
06/08/2012,0.41
06/08/2012,0.41
06/08/2012,0.38
06/08/2012,0.38
14/08/2012,0.36
14/08/2012,0.35
14/08/2012,0.38
14/08/2012,0.38
20/08/2012,2.01
20/08/2012,2
20/08/2012,1.94
20/08/2012,1.94
03/09/2012,3.1
03/09/2012,3.11
03/09/2012,3.05
03/09/2012,3.04
10/09/2012,1.87
10/09/2012,1.87
10/09/2012,1.88
10/09/2012,1.94
17/09/2012,0.31
17/09/2012,0.31
17/09/2012,0.29
17/09/2012,0.3
26/09/2012,2.18
26/09/2012,2.17
26/09/2012,2.13
26/09/2012,2.13
08/10/2012,2.03
08/10/2012,2.07
08/10/2012,1.84
08/10/2012,1.86
15/10/2012,3.81
15/10/2012,3.81
15/10/2012,3.35
15/10/2012,3.35
22/10/2012,2.69
22/10/2012,2.67
22/10/2012,2.66
22/10/2012,2.66
30/10/2012,3.82
30/10/2012,3.81
30/10/2012,3.71
30/10/2012,3.7
07/11/2012,4.67
07/11/2012,4.66
07/11/2012,4.67
07/11/2012,4.68
14/11/2012,4.06
14/11/2012,4.05
14/11/2012,4.03
14/11/2012,4.01
28/11/2012,5.96
28/11/2012,5.96
28/11/2012,5.88
28/11/2012,5.86
05/12/2012,4.79
05/12/2012,4.79
05/12/2012,4.76
05/12/2012,4.76
10/12/2012,5.48
10/12/2012,5.48
10/12/2012,5.54
10/12/2012,5.54
18/12/2012,5.52
18/12/2012,5.52
18/12/2012,5.45
18/12/2012,5.45
09/01/2013,5.33
09/01/2013,5.32
09/01/2013,5.21
09/01/2013,5.2
14/01/2013,4.7
14/01/2013,4.71
14/01/2013,4.69
14/01/2013,4.69
21/01/2013,4.96
21/01/2013,4.96
21/01/2013,4.92
21/01/2013,4.92
11/02/2013,5.8
11/02/2013,5.8
11/02/2013,5.76
11/02/2013,5.75
19/02/2013,4.94
19/02/2013,4.93
19/02/2013,4.89
19/02/2013,4.89
25/02/2013,5.99
25/02/2013,5.95
25/02/2013,5.72
25/02/2013,5.71
13/03/2013,4.12
13/03/2013,4.12
13/03/2013,4.08
13/03/2013,4.08
19/03/2013,5.13
19/03/2013,5.12
19/03/2013,5.13
19/03/2013,5.11
25/03/2013,3.89
25/03/2013,3.91
25/03/2013,3.89
25/03/2013,3.9
03/04/2013,3.87
03/04/2013,3.87
03/04/2013,3.82
03/04/2013,3.82
09/04/2013,4.47
09/04/2013,4.46
09/04/2013,4.44
09/04/2013,4.44
17/04/2013,3.9
17/04/2013,3.91
17/04/2013,3.9
17/04/2013,3.91
22/04/2013,3.32
22/04/2013,3.3
22/04/2013,3.35
22/04/2013,3.35
29/04/2013,3.56
29/04/2013,3.56
29/04/2013,3.55
29/04/2013,3.56
07/05/2013,2.08
07/05/2013,2.07
07/05/2013,2.05
07/05/2013,2.05
15/05/2013,0.4
15/05/2013,0.39
15/05/2013,0.33
15/05/2013,0.33
20/05/2013,0.31
20/05/2013,0.31
20/05/2013,0.29
20/05/2013,0.28
29/05/2013,0.68
29/05/2013,0.69
29/05/2013,0.66
29/05/2013,0.65
03/06/2013,0.85
03/06/2013,0.85
03/06/2013,0.85
03/06/2013,0.85
10/06/2013,
10/06/2013,
10/06/2013,
10/06/2013,
17/06/2013,0.8
17/06/2013,0.8
17/06/2013,
17/06/2013,
24/06/2013,
24/06/2013,
24/06/2013,
24/06/2013,
01/07/2013,
01/07/2013,
01/07/2013,1.33
01/07/2013,1.33
08/07/2013,0.21
08/07/2013,0.2
08/07/2013,0.21
08/07/2013,0.19
15/07/2013,0.2
15/07/2013,0.2
15/07/2013,0.18
15/07/2013,0.17
22/07/2013,0.25
22/07/2013,0.25
22/07/2013,0.22
22/07/2013,0.22
30/07/2013,0.33
30/07/2013,0.33
30/07/2013,0.34
30/07/2013,0.34
06/08/2013,0.3
06/08/2013,0.3
06/08/2013,0.29
06/08/2013,0.29
12/08/2013,0.35
12/08/2013,0.36
12/08/2013,0.33
12/08/2013,
19/08/2013,0.34
19/08/2013,0.34
19/08/2013,0.26
19/08/2013,0.26
27/08/2013,0.38
27/08/2013,0.38
27/08/2013,0.38
27/08/2013,0.38
02/09/2013,1.45
02/09/2013,1.44
02/09/2013,1.4
02/09/2013,1.39
09/09/2013,0.79
09/09/2013,0.8
09/09/2013,0.78
09/09/2013,0.78
23/09/2013,1.81
23/09/2013,1.8
23/09/2013,1.8
23/09/2013,1.8
30/09/2013,2.49
30/09/2013,2.47
30/09/2013,2.46
30/09/2013,
07/10/2013,3.16
07/10/2013,3.16
07/10/2013,3.14
07/10/2013,3.14
14/10/2013,3.51
14/10/2013,3.52
14/10/2013,
14/10/2013,3.51
30/10/2013,2.97
30/10/2013,2.98
04/11/2013,3.92
04/11/2013,3.92
04/11/2013,3.91
04/11/2013,3.92
11/11/2013,3.96
11/11/2013,3.94
11/11/2013,3.91
11/11/2013,3.89
18/11/2013,4.32
18/11/2013,4.34
18/11/2013,4.32
18/11/2013,4.36
25/11/2013,3.57
25/11/2013,3.58
25/11/2013,3.56
25/11/2013,3.56
02/12/2013,3.53
02/12/2013,3.55
09/12/2013,3.16
09/12/2013,3.16
09/12/2013,3.14
09/12/2013,3.14
17/12/2013,4.29
17/12/2013,4.3
17/12/2013,4.28
17/12/2013,4.28
14/01/2014,5.87
14/01/2014,5.88
14/01/2014,5.88
14/01/2014,5.87
20/01/2014,8.04
20/01/2014,8
20/01/2014,7.89
20/01/2014,7.88
29/01/2014,5.29
29/01/2014,5.28
29/01/2014,5.21
29/01/2014,5.23
10/02/2014,4.97
10/02/2014,4.97
10/02/2014,4.91
10/02/2014,4.9
18/02/2014,4.8
18/02/2014,4.8
18/02/2014,4.8
18/02/2014,4.8
05/03/2014,5.79
05/03/2014,5.79
05/03/2014,5.67
05/03/2014,5.66
11/03/2014,4.96
11/03/2014,4.96
11/03/2014,4.99
11/03/2014,4.99
17/03/2014,5.22
17/03/2014,5.25
17/03/2014,5.16
17/03/2014,5.16
25/03/2014,5.35
25/03/2014,
25/03/2014,
25/03/2014,
31/03/2014,4.98
31/03/2014,4.99
31/03/2014,4.93
31/03/2014,4.93
09/04/2014,
09/04/2014,
09/04/2014,4.53
09/04/2014,4.55
14/04/2014,1.03
14/04/2014,1.02
14/04/2014,0.95
14/04/2014,0.95
22/04/2014,1.9
22/04/2014,1.91
22/04/2014,1.9
22/04/2014,1.91
28/04/2014,1.4
28/04/2014,1.4
28/04/2014,1.37
28/04/2014,1.37
06/05/2014,0.53
06/05/2014,0.53
06/05/2014,0.52
06/05/2014,0.51
12/05/2014,1.63
12/05/2014,1.58
12/05/2014,
12/05/2014,
19/05/2014,0.46
19/05/2014,0.47
19/05/2014,0.46
19/05/2014,0.46
02/06/2014,0.2
02/06/2014,0.2
02/06/2014,0.2
02/06/2014,0.19
09/06/2014,0.08
09/06/2014,0.08
09/06/2014,0.08
09/06/2014,0.08
16/06/2014,0.1
16/06/2014,0.1
16/06/2014,0.09
16/06/2014,0.09
23/06/2014,0.13
23/06/2014,0.12
23/06/2014,0.16
23/06/2014,0.16
30/06/2014,0.34
30/06/2014,0.34
30/06/2014,0.34
30/06/2014,0.35
07/07/2014,0.07
07/07/2014,0.07
07/07/2014,0.05
07/07/2014,0.05
14/07/2014,0.7
14/07/2014,0.7
14/07/2014,0.7
14/07/2014,0.71
21/07/2014,0.19
21/07/2014,0.19
21/07/2014,0.18
21/07/2014,0.19
28/07/2014,0.53
28/07/2014,0.54
28/07/2014,0.55
28/07/2014,0.55
04/08/2014,1.26
04/08/2014,1.27
04/08/2014,1.27
04/08/2014,1.26
18/08/2014,2.2
18/08/2014,2.2
18/08/2014,2.21
18/08/2014,2.21
26/08/2014,1.83
26/08/2014,1.82
26/08/2014,1.78
26/08/2014,1.78
01/09/2014,2.07
01/09/2014,2.07
01/09/2014,2.04
01/09/2014,2.08
08/09/2014,
08/09/2014,
08/09/2014,
08/09/2014,
15/09/2014,
15/09/2014,
15/09/2014,
15/09/2014,
22/09/2014,1.88
22/09/2014,1.89
22/09/2014,1.88
22/09/2014,1.88
29/09/2014,2.33
29/09/2014,2.33
29/09/2014,2.34
29/09/2014,2.34
13/10/2014,3.16
13/10/2014,3.16
13/10/2014,3.13
13/10/2014,3.13
28/10/2014,3.56
28/10/2014,3.56
28/10/2014,3.53
28/10/2014,3.55
05/11/2014,4.73
05/11/2014,4.74
05/11/2014,4.68
05/11/2014,
17/11/2014,5.64
17/11/2014,5.65
17/11/2014,5.51
17/11/2014,5.52
23/11/2014,2.86
23/11/2014,
23/11/2014,2.71
23/11/2014,2.72
02/12/2014,2.94
02/12/2014,2.95
02/12/2014,2.95
02/12/2014,2.92
08/12/2014,3.09
08/12/2014,3.11
08/12/2014,3.1
08/12/2014,3.1
15/12/2014,3.51
15/12/2014,
15/12/2014,3.48
15/12/2014,3.5
05/01/2015,4.16
05/01/2015,4.16
05/01/2015,4.14
05/01/2015,4.15
19/01/2015,3.11
19/01/2015,3.11
19/01/2015,3.09
19/01/2015,3.09
27/01/2015,4.56
27/01/2015,4.56
27/01/2015,4.52
27/01/2015,4.52
02/02/2015,3.42
02/02/2015,3.4
02/02/2015,3.37
02/02/2015,3.37
09/02/2015,3.42
09/02/2015,3.42
09/02/2015,3.42
09/02/2015,3.42
16/02/2015,3.42
16/02/2015,3.42
16/02/2015,3.42
16/02/2015,3.42
10/03/2015,1.84
10/03/2015,1.85
10/03/2015,1.99
10/03/2015,1.98
16/03/2015,1.36
16/03/2015,1.35
16/03/2015,1.36
16/03/2015,1.36
23/03/2015,0.93
23/03/2015,0.92
23/03/2015,0.89
23/03/2015,0.89
30/03/2015,0.93
30/03/2015,0.92
30/03/2015,0.89
30/03/2015,0.89
07/04/2015,1.18
07/04/2015,1.19
07/04/2015,1.17
07/04/2015,1.17
13/04/2015,1.26
13/04/2015,1.26
13/04/2015,1.23
13/04/2015,1.23
20/04/2015,1.52
20/04/2015,1.52
20/04/2015,1.5
20/04/2015,1.5
27/04/2015,1.08
27/04/2015,1.09
27/04/2015,0.96
27/04/2015,0.92
07/05/2015,1.19
07/05/2015,1.21
07/05/2015,1.22
07/05/2015,1.23
11/05/2015,1.5
11/05/2015,1.47
11/05/2015,1.47
11/05/2015,1.48
20/05/2015,0.73
20/05/2015,0.73
20/05/2015,0.73
20/05/2015,0.73
27/05/2015,0.16
27/05/2015,0.18
27/05/2015,0.17
27/05/2015,0.17
03/06/2015,0.83
03/06/2015,0.83
03/06/2015,0.84
03/06/2015,0.84
08/06/2015,
08/06/2015,0.33
08/06/2015,
08/06/2015,
15/06/2015,0.29
15/06/2015,0.29
15/06/2015,0.3
15/06/2015,0.3
22/06/2015,0.24
22/06/2015,0.26
22/06/2015,0.19
22/06/2015,0.21
29/06/2015,
29/06/2015,
29/06/2015,
29/06/2015,
06/07/2015,0.17
06/07/2015,0.17
06/07/2015,0.16
06/07/2015,0.16
14/07/2015,0.55
14/07/2015,0.56
14/07/2015,0.56
14/07/2015,0.56
20/07/2015,0.64
20/07/2015,0.64
20/07/2015,0.61
20/07/2015,0.61
28/07/2015,1.03
28/07/2015,1.04
28/07/2015,0.96
28/07/2015,0.97
03/08/2015,0.28
03/08/2015,0.28
03/08/2015,0.25
03/08/2015,0.25
10/08/2015,0.26
10/08/2015,0.26
10/08/2015,0.26
10/08/2015,0.26
17/08/2015,0.49
17/08/2015,0.5
17/08/2015,0.48
17/08/2015,0.48
24/08/2015,0.57
24/08/2015,0.57
01/09/2015,2.04
01/09/2015,2.02
01/09/2015,2.02
01/09/2015,2.03
07/09/2015,1.51
07/09/2015,1.51
07/09/2015,1.52
07/09/2015,1.52
16/09/2015,1.35
16/09/2015,1.35
16/09/2015,1.37
16/09/2015,1.37
23/09/2015,1.94
23/09/2015,1.95
23/09/2015,1.75
23/09/2015,1.76
29/09/2015,2.29
29/09/2015,2.29
29/09/2015,2.29
29/09/2015,2.29
07/10/2015,2.16
07/10/2015,2.17
07/10/2015,2.14
07/10/2015,2.14
13/10/2015,2.52
13/10/2015,2.52
13/10/2015,2.5
13/10/2015,2.5
19/10/2015,1.96
19/10/2015,1.97
19/10/2015,1.94
19/10/2015,1.94
27/10/2015,2.29
27/10/2015,2.29
27/10/2015,2.27
27/10/2015,2.27
02/11/2015,2.2
02/11/2015,2.2
02/11/2015,2.18
02/11/2015,2.19
16/11/2015,3.25
16/11/2015,3.26
16/11/2015,3.26
16/11/2015,3.25
23/11/2015,3.17
23/11/2015,3.17
23/11/2015,3.16
23/11/2015,3.17
07/12/2015,
07/12/2015,3.49
07/12/2015,3.15
07/12/2015,3.13
15/12/2015,3.41
15/12/2015,3.41
15/12/2015,3.41
15/12/2015,3.41
05/01/2016,4.08
05/01/2016,4.08
05/01/2016,3.94
05/01/2016,3.94
13/01/2016,3.9
13/01/2016,3.9
13/01/2016,3.87
13/01/2016,3.88
19/01/2016,3.94
19/01/2016,3.94
19/01/2016,3.88
19/01/2016,3.89
28/01/2016,5.63
28/01/2016,5.63
28/01/2016,5.54
28/01/2016,5.54
02/02/2016,4.44
02/02/2016,4.43
02/02/2016,4.41
02/02/2016,4.42
10/02/2016,3.7
10/02/2016,3.7
10/02/2016,3.66
10/02/2016,3.68
15/02/2016,3.46
15/02/2016,3.45
15/02/2016,
15/02/2016,
23/02/2016,3.85
23/02/2016,3.85
23/02/2016,3.86
23/02/2016,3.83
29/02/2016,3.58
29/02/2016,3.58
29/02/2016,3.57
29/02/2016,3.55
07/03/2016,3.66
07/03/2016,3.68
07/03/2016,3.65
07/03/2016,3.66
14/03/2016,3.15
14/03/2016,3.15
14/03/2016,3.15
14/03/2016,3.14
21/03/2016,3.6
21/03/2016,3.6
21/03/2016,3.54
21/03/2016,3.55
30/03/2016,2.91
30/03/2016,2.91
04/04/2016,1.99
04/04/2016,2
04/04/2016,1.99
04/04/2016,1.97
11/04/2016,2.77
11/04/2016,2.78
11/04/2016,2.66
11/04/2016,2.67
18/04/2016,2.61
18/04/2016,2.6
18/04/2016,2.55
18/04/2016,2.56
25/04/2016,2.17
25/04/2016,2.15
25/04/2016,2.16
25/04/2016,2.17
03/05/2016,1.06
03/05/2016,1.04
03/05/2016,0.92
03/05/2016,0.94
10/05/2016,0.69
10/05/2016,0.67
10/05/2016,0.63
10/05/2016,0.63
16/05/2016,0.74
16/05/2016,0.73
16/05/2016,0.7
16/05/2016,0.69
23/05/2016,1.22
23/05/2016,1.19
23/05/2016,1.15
23/05/2016,
01/06/2016,0.95
01/06/2016,0.93
01/06/2016,0.95
01/06/2016,0.91
08/06/2016,0.86
08/06/2016,0.85
08/06/2016,0.85
08/06/2016,0.83
13/06/2016,0.34
13/06/2016,0.35
13/06/2016,0.34
13/06/2016,
20/06/2016,0.27
20/06/2016,0.25
20/06/2016,0.22
20/06/2016,0.21
27/06/2016,0.56
27/06/2016,0.56
27/06/2016,0.57
27/06/2016,0.56
05/07/2016,0.55
04/07/2016,0.55
04/07/2016,0.54
04/07/2016,0.51
12/07/2016,1.28
12/07/2016,1.26
12/07/2016,1.26
12/07/2016,1.24
18/07/2016,1.24
18/07/2016,1.2
18/07/2016,1.2
18/07/2016,1.16
25/07/2016,1.05
25/07/2016,1.04
25/07/2016,1.04
25/07/2016,
01/08/2016,1.16
01/08/2016,1.14
01/08/2016,1.07
01/08/2016,1.06
08/08/2016,1.67
08/08/2016,1.66
08/08/2016,1.65
08/08/2016,1.64
15/08/2016,1.64
15/08/2016,1.58
15/08/2016,1.52
15/08/2016,1.46
23/08/2016,1.93
23/08/2016,1.89
23/08/2016,
23/08/2016,1.85
01/09/2016,1.09
01/09/2016,1.07
01/09/2016,
01/09/2016,1.46
05/09/2016,1.46
05/09/2016,1.47
05/09/2016,1.41
05/09/2016,1.41
13/09/2016,0.9
13/09/2016,0.89
13/09/2016,
13/09/2016,0.86
19/09/2016,1.39
19/09/2016,1.38
19/09/2016,
19/09/2016,1.35
28/09/2016,1.49
28/09/2016,1.49
28/09/2016,1.44
28/09/2016,1.44
10/10/2016,1.46
10/10/2016,1.45
10/10/2016,1.33
10/10/2016,1.31
19/10/2016,1.65
19/10/2016,1.66
19/10/2016,1.64
19/10/2016,1.64
24/10/2016,1.46
24/10/2016,1.46
24/10/2016,1.45
24/10/2016,1.45
01/11/2016,1.76
01/11/2016,1.74
01/11/2016,1.69
01/11/2016,1.69
07/11/2016,1.85
07/11/2016,1.85
07/11/2016,1.79
07/11/2016,1.79
14/11/2016,2.23
14/11/2016,2.25
14/11/2016,2.24
14/11/2016,2.25
23/11/2016,
23/11/2016,
23/11/2016,
23/11/2016,
28/11/2016,2.72
28/11/2016,2.72
28/11/2016,2.68
28/11/2016,2.66
05/12/2016,4.69
05/12/2016,4.66
05/12/2016,4.67
05/12/2016,4.67
12/12/2016,3.63
12/12/2016,3.63
12/12/2016,3.63
12/12/2016,3.63
19/12/2016,3.46
19/12/2016,3.46
19/12/2016,3.42
19/12/2016,3.42
10/01/2017,3.64
10/01/2017,3.63
10/01/2017,3.63
10/01/2017,3.63
16/01/2017,3.9
16/01/2017,3.89
16/01/2017,3.79
16/01/2017,3.77
23/01/2017,
23/01/2017,
23/01/2017,
23/01/2017,
30/01/2017,3.43
30/01/2017,3.4
30/01/2017,3.36
30/01/2017,3.36
06/02/2017,4.8
06/02/2017,4.79
06/02/2017,4.51
06/02/2017,4.54
14/02/2017,3.35
14/02/2017,3.35
14/02/2017,3.25
14/02/2017,3.27
20/02/2017,3.76
20/02/2017,3.76
20/02/2017,3.66
20/02/2017,3.65
01/03/2017,3.21
01/03/2017,3.2
01/03/2017,3.08
01/03/2017,3.07
06/03/2017,2.76
06/03/2017,2.76
06/03/2017,2.74
06/03/2017,2.74
15/03/2017,3.64
15/03/2017,3.65
15/03/2017,3.58
15/03/2017,3.58
22/03/2017,2.64
22/03/2017,2.64
22/03/2017,2.66
22/03/2017,2.66
27/03/2017,2.93
27/03/2017,2.9
27/03/2017,2.81
27/03/2017,2.81
06/04/2017,2.59
06/04/2017,2.59
06/04/2017,2.45
06/04/2017,
10/04/2017,2.51
10/04/2017,2.48
10/04/2017,2.42
10/04/2017,2.43
18/04/2017,1.79
18/04/2017,1.8
18/04/2017,1.73
18/04/2017,1.73
24/04/2017,0.97
24/04/2017,1
24/04/2017,0.99
24/04/2017,0.99
02/05/2017,0.5
02/05/2017,0.5
02/05/2017,0.54
02/05/2017,0.54
08/05/2017,0.28
08/05/2017,0.29
08/05/2017,0.26
08/05/2017,0.26
17/05/2017,0.26
17/05/2017,0.26
17/05/2017,0.2
17/05/2017,0.21
22/05/2017,0.17
22/05/2017,0.17
22/05/2017,0.14
22/05/2017,0.15
31/05/2017,0.11
31/05/2017,0.11
31/05/2017,
31/05/2017,0.07
12/06/2017,0.38
12/06/2017,0.38
12/06/2017,
12/06/2017,0.44
19/06/2017,0.12
19/06/2017,0.12
19/06/2017,0.15
19/06/2017,0.14
26/06/2017,0.36
26/06/2017,0.34
26/06/2017,
26/06/2017,0.32
03/07/2017,0.18
03/07/2017,0.18
03/07/2017,0.12
03/07/2017,0.1
17/07/2017,0.44
17/07/2017,0.43
17/07/2017,0.4
17/07/2017,0.46
24/07/2017,1.14
24/07/2017,1.14
24/07/2017,
24/07/2017,1.1
31/07/2017,1.25
31/07/2017,1.25
31/07/2017,1.25
31/07/2017,1.25
07/08/2017,0.44
07/08/2017,0.44
07/08/2017,0.42
07/08/2017,
14/08/2017,0.66
14/08/2017,0.67
14/08/2017,0.63
14/08/2017,0.64
21/08/2017,0.83
21/08/2017,0.83
21/08/2017,0.81
21/08/2017,0.8
29/08/2017,0.9
29/08/2017,0.88
29/08/2017,0.88
29/08/2017,0.88
04/09/2017,1.16
04/09/2017,1.17
04/09/2017,1.17
04/09/2017,1.17
18/09/2017,1.8
18/09/2017,1.79
18/09/2017,
18/09/2017,
25/09/2017,2.67
25/09/2017,2.77
25/09/2017,2.67
25/09/2017,2.69
03/10/2017,3.41
03/10/2017,3.44
03/10/2017,3.3
03/10/2017,3.31
25/10/2017,2.99
25/10/2017,2.95
25/10/2017,2.97
25/10/2017,2.96
30/10/2017,3.41
30/10/2017,3.4
30/10/2017,3.41
30/10/2017,3.42
06/11/2017,
06/11/2017,
13/11/2017,
13/11/2017,
13/11/2017,3.22
13/11/2017,3.17
21/11/2017,3.62
21/11/2017,3.61
21/11/2017,3.73
21/11/2017,3.72
28/11/2017,4.24
28/11/2017,4.24
28/11/2017,4.34
28/11/2017,4.41
04/12/2017,3.77
04/12/2017,3.77
04/12/2017,
04/12/2017,3.77
12/12/2017,5
12/12/2017,5.03
12/12/2017,5.02
12/12/2017,5.03
18/12/2017,4.81
18/12/2017,4.79
18/12/2017,4.73
18/12/2017,4.77
09/01/2018,3.9
09/01/2018,3.9
09/01/2018,3.89
09/01/2018,3.88
22/01/2018,4
22/01/2018,4.01
22/01/2018,4.02
22/01/2018,4.01
30/01/2018,3.44
30/01/2018,3.41
30/01/2018,3.37
30/01/2018,3.41
05/02/2018,3.4
05/02/2018,3.42
05/02/2018,3.43
05/02/2018,3.42
12/02/2018,2.92
12/02/2018,2.92
12/02/2018,
12/02/2018,3.35
19/02/2018,4.65
19/02/2018,4.67
19/02/2018,4.64
19/02/2018,4.65
28/02/2018,
28/02/2018,2
28/02/2018,
28/02/2018,
05/03/2018,3.15
05/03/2018,3.17
05/03/2018,3.14
05/03/2018,3.13
12/03/2018,5.75
12/03/2018,5.8
12/03/2018,5.71
12/03/2018,5.61
20/03/2018,3.79
20/03/2018,3.91
20/03/2018,3.59
20/03/2018,3.57
26/03/2018,3.81
26/03/2018,3.83
26/03/2018,3.8
26/03/2018,3.8
05/04/2018,3.27
05/04/2018,3.29
05/04/2018,
05/04/2018,3.29
10/04/2018,6.42
10/04/2018,6.42
10/04/2018,6.42
10/04/2018,6.39
19/04/2018,1.97
19/04/2018,1.98
19/04/2018,2
19/04/2018,1.98
23/04/2018,2.04
23/04/2018,2.04
23/04/2018,2.06
23/04/2018,2.06
30/04/2018,0.46
30/04/2018,0.54
30/04/2018,0.49
30/04/2018,0.48
08/05/2018,0.33
08/05/2018,0.33
08/05/2018,0.34
08/05/2018,0.35
14/05/2018,0.24
14/05/2018,0.25
14/05/2018,0.22
14/05/2018,0.22
21/05/2018,0.48
21/05/2018,0.48
21/05/2018,0.47
21/05/2018,0.47
30/05/2018,0.3
30/05/2018,0.3
30/05/2018,0.26
30/05/2018,0.26
04/06/2018,0.32
04/06/2018,0.33
04/06/2018,0.34
04/06/2018,0.33
11/06/2018,0.31
11/06/2018,0.31
11/06/2018,0.34
11/06/2018,0.34
18/06/2018,0.16
18/06/2018,0.16
18/06/2018,0.16
18/06/2018,0.16
25/06/2018,0.08
25/06/2018,0.06
25/06/2018,0.06
25/06/2018,0.09
02/07/2018,0.08
02/07/2018,0.08
02/07/2018,0.1
02/07/2018,0.08
09/07/2018,0.07
09/07/2018,0.07
09/07/2018,0.06
09/07/2018,0.05
16/07/2018,
16/07/2018,
16/07/2018,
16/07/2018,
23/07/2018,
23/07/2018,
23/07/2018,
23/07/2018,
30/07/2018,
30/07/2018,
30/07/2018,
30/07/2018,
06/08/2018,0.57
06/08/2018,0.57
06/08/2018,0.57
06/08/2018,0.56
13/08/2018,0.93
13/08/2018,0.97
20/08/2018,1.59
20/08/2018,1.6
20/08/2018,1.63
20/08/2018,1.63
28/08/2018,1.58
28/08/2018,1.58
28/08/2018,1.59
28/08/2018,1.57
03/09/2018,1.69
03/09/2018,1.71
10/09/2018,1.29
10/09/2018,1.3
10/09/2018,1.24
10/09/2018,1.24
17/09/2018,
17/09/2018,2.07
17/09/2018,2.01
17/09/2018,2.01
24/09/2018,2.4
24/09/2018,2.41
24/09/2018,2.44
24/09/2018,2.44
01/10/2018,2.69
01/10/2018,2.68
01/10/2018,2.69
01/10/2018,2.7
08/10/2018,2.73
08/10/2018,2.76
08/10/2018,2.72
08/10/2018,2.7
17/10/2018,
17/10/2018,
17/10/2018,
17/10/2018,
22/10/2018,2.95
22/10/2018,2.94
22/10/2018,2.88
22/10/2018,2.9
29/10/2018,2.8
29/10/2018,2.83
29/10/2018,2.84
29/10/2018,2.85
05/11/2018,2.84
05/11/2018,2.84
05/11/2018,2.84
05/11/2018,2.83
13/11/2018,3.82
13/11/2018,3.82
13/11/2018,3.83
13/11/2018,3.83
20/11/2018,2.65
20/11/2018,2.66
20/11/2018,2.81
20/11/2018,2.82
26/11/2018,2.5
26/11/2018,2.48
26/11/2018,
26/11/2018,2.42
04/12/2018,4.66
04/12/2018,4.74
04/12/2018,4.08
04/12/2018,4.11
10/12/2018,5.85
10/12/2018,5.85
10/12/2018,
10/12/2018,5.8
17/12/2018,4.59
17/12/2018,4.59
17/12/2018,4.52
17/12/2018,4.53
07/01/2019,4.21
07/01/2019,4.24
07/01/2019,4.19
07/01/2019,4.2
14/01/2019,4.02
14/01/2019,4.03
14/01/2019,4
14/01/2019,3.98
24/01/2019,
24/01/2019,4.25
24/01/2019,4.35
24/01/2019,4.3
28/01/2019,4
28/01/2019,4.03
28/01/2019,
28/01/2019,4.16
06/02/2019,4.06
06/02/2019,4.07
06/02/2019,4.08
06/02/2019,4.03
11/02/2019,4.82
11/02/2019,4.83
11/02/2019,4.77
11/02/2019,4.8
18/02/2019,3.16
18/02/2019,3.16
18/02/2019,3.16
18/02/2019,3.17
26/02/2019,2.94
26/02/2019,2.96
26/02/2019,3.11
26/02/2019,3.11
08/03/2019,3.01
08/03/2019,2.98
08/03/2019,
08/03/2019,2.99
11/03/2019,2.67
11/03/2019,2.66
11/03/2019,2.59
11/03/2019,2.6
18/03/2019,2.94
18/03/2019,2.92
18/03/2019,2.87
18/03/2019,2.88
25/03/2019,1.97
25/03/2019,1.96
25/03/2019,1.93
25/03/2019,
01/04/2019,1.9
01/04/2019,1.9
01/04/2019,1.96
01/04/2019,1.96
09/04/2019,1.08
09/04/2019,1.02
09/04/2019,1.03
09/04/2019,1.03
16/04/2019,0.23
16/04/2019,0.24
16/04/2019,0.25
16/04/2019,0.23
23/04/2019,0.28
23/04/2019,0.28
23/04/2019,0.27
23/04/2019,0.25
29/04/2019,0.34
29/04/2019,0.33
29/04/2019,0.33
29/04/2019,0.32
07/05/2019,0.51
07/05/2019,0.43
07/05/2019,0.55
07/05/2019,0.51
13/05/2019,0.45
13/05/2019,0.42
13/05/2019,
13/05/2019,0.48
20/05/2019,0.63
20/05/2019,0.64
20/05/2019,0.63
20/05/2019,0.63
30/05/2019,0.17
30/05/2019,
30/05/2019,0.2
30/05/2019,0.19
03/06/2019,
03/06/2019,0.15
03/06/2019,0.17
03/06/2019,0.17
10/06/2019,0.37
10/06/2019,0.36
10/06/2019,0.36
10/06/2019,0.35
17/06/2019,
17/06/2019,0.22
24/06/2019,0.19
24/06/2019,0.22
24/06/2019,0.17
24/06/2019,0.17
01/07/2019,0.27
01/07/2019,0.23
01/07/2019,
01/07/2019,
15/07/2019,
15/07/2019,1.47
15/07/2019,1.43
15/07/2019,
22/07/2019,1.3
22/07/2019,1.29
22/07/2019,1.31
22/07/2019,1.31
29/07/2019,
29/07/2019,
29/07/2019,
29/07/2019,
05/08/2019,
05/08/2019,
05/08/2019,
05/08/2019,
12/08/2019,1.03
12/08/2019,1.02
12/08/2019,1.05
12/08/2019,
19/08/2019,0.32
19/08/2019,0.33
19/08/2019,
19/08/2019,0.32
27/08/2019,0.6
27/08/2019,0.6
27/08/2019,
27/08/2019,0.6
02/09/2019,
02/09/2019,
02/09/2019,1.19
02/09/2019,
09/09/2019,1.85
09/09/2019,1.86
09/09/2019,1.82
09/09/2019,1.8
16/09/2019,1.7
16/09/2019,1.7
16/09/2019,1.67
16/09/2019,1.74
02/10/2019,
02/10/2019,2.43
02/10/2019,2.54
02/10/2019,2.55
21/10/2019,
21/10/2019,2.76
21/10/2019,
21/10/2019,2.79
26/10/2019,
26/10/2019,3.13
26/10/2019,
26/10/2019,3.12
05/11/2019,
05/11/2019,4.82
05/11/2019,4.82
05/11/2019,4.85
11/11/2019,
11/11/2019,3.78
11/11/2019,3.7
11/11/2019,3.71
18/11/2019,
18/11/2019,3.49
18/11/2019,
18/11/2019,3.41
25/11/2019,3.03
25/11/2019,3.12
25/11/2019,
25/11/2019,3.03
02/12/2019,3.49
02/12/2019,3.54
02/12/2019,3.44
02/12/2019,3.49
17/12/2019,3.08
17/12/2019,3.07
17/12/2019,3.17
17/12/2019,3.16
08/01/2020,3.3
08/01/2020,3.29
08/01/2020,3.27
08/01/2020,3.27
20/01/2020,4
20/01/2020,4
20/01/2020,4.02
20/01/2020,4
29/01/2020,3.23
29/01/2020,3.23
29/01/2020,3.23
29/01/2020,3.23
05/02/2020,
05/02/2020,3.87
05/02/2020,4
05/02/2020,4
27/02/2020,3.1
27/02/2020,3.14
27/02/2020,3.11
27/02/2020,3.17
02/03/2020,5
02/03/2020,5
02/03/2020,5.12
02/03/2020,5.1
16/03/2020,2.27
16/03/2020,2.27
16/03/2020,2.26
16/03/2020,2.26
23/03/2020,1.5
23/03/2020,1.5
23/03/2020,
23/03/2020,1.66
01/04/2020,0.96
01/04/2020,0.96
07/04/2020,0.55
07/04/2020,0.55
14/04/2020,1.01
14/04/2020,1.01
23/04/2020,0.82
23/04/2020,0.82
27/04/2020,0.7
27/04/2020,0.69
04/05/2020,
04/05/2020,0.45
12/05/2020,0.56
12/05/2020,
18/05/2020,0.24
18/05/2020,0.28
27/05/2020,0.47
27/05/2020,0.5
01/06/2020,
01/06/2020,0.3
08/06/2020,0.56
08/06/2020,0.57
15/06/2020,0.74
15/06/2020,0.72
23/06/2020,0.9
23/06/2020,0.91
01/07/2020,1.32
01/07/2020,1.32
07/07/2020,0.55
07/07/2020,0.55
14/07/2020,0.14
14/07/2020,0.14
20/07/2020,0.13
20/07/2020,0.12
28/07/2020,1.21
28/07/2020,1.21
03/08/2020,0.93
03/08/2020,0.93
10/08/2020,1.43
10/08/2020,1.43
17/08/2020,0.83
17/08/2020,0.84
24/08/2020,2.14
24/08/2020,2.14
01/09/2020,1.66
01/09/2020,1.69
07/09/2020,
07/09/2020,1.88
14/09/2020,1.91
14/09/2020,1.89
21/09/2020,2.57
21/09/2020,2.58
28/09/2020,2.61
28/09/2020,2.59
12/10/2020,4.2
12/10/2020,4.21
04/11/2020,5.59
04/11/2020,5.59
09/11/2020,3.93
09/11/2020,3.92
23/11/2020,3.96
23/11/2020,3.96
30/11/2020,3.58
30/11/2020,3.58
07/12/2020,3.19
07/12/2020,3.19
04/01/2021,3.4
04/01/2021,3.41
11/01/2021,3.67
11/01/2021,3.67
18/01/2021,3.68
18/01/2021,3.69
25/01/2021,3.71
25/01/2021,3.71
04/02/2021,5.22
04/02/2021,5.22
08/02/2021,4.03
08/02/2021,4.01
22/02/2021,4.28
22/02/2021,4.32
01/03/2021,2.48
01/03/2021,2.49
08/03/2021,3.34
08/03/2021,3.35
23/03/2021,2.14
23/03/2021,2.15
30/03/2021,1.8
30/03/2021,1.8
06/04/2021,1.87
06/04/2021,1.86
13/04/2021,1.41
13/04/2021,1.41
20/04/2021,0.7
20/04/2021,0.69
27/04/2021,0.59
27/04/2021,0.59
05/05/2021,0.7
05/05/2021,0.7
12/05/2021,0.74
12/05/2021,0.74
17/05/2021,1.14
17/05/2021,1.14
25/05/2021,1.86
25/05/2021,1.85
02/06/2021,0.36
02/06/2021,0.36
07/06/2021,0.35
07/06/2021,0.36
14/06/2021,0.14
14/06/2021,0.14
21/06/2021,0.12
21/06/2021,0.12
28/06/2021,0.24
28/06/2021,0.24
05/07/2021,0.21
05/07/2021,0.21
12/07/2021,0.23
12/07/2021,0.23
19/07/2021,0.39
19/07/2021,0.39
26/07/2021,0.47
26/07/2021,0.48
02/08/2021,1.16
02/08/2021,1.16
10/08/2021,0.82
10/08/2021,0.82
16/08/2021,0.63
16/08/2021,0.63
23/08/2021,0.79
23/08/2021,0.78
31/08/2021,2.32
31/08/2021,2.32
06/09/2021,2.68
06/09/2021,2.68
13/09/2021,
13/09/2021,3.5
