#Date,"PHOSPHATE, uM"
17/01/2000,0.35
02/02/2000,0.35
21/02/2000,0.38
13/03/2000,0.31
20/03/2000,0.3
27/03/2000,0.3
03/04/2000,0.28
11/04/2000,0.16
12/06/2000,0.05
19/06/2000,0.06
17/07/2000,0.05
21/08/2000,0.05
04/09/2000,0.05
12/10/2000,0.21
16/10/2000,0.21
26/10/2000,0.28
13/11/2000,0.41
19/11/2000,0.41
16/01/2001,0.49
19/02/2001,0.21
27/02/2001,0.33
04/03/2001,0.25
17/04/2001,0.22
22/04/2001,0.07
29/04/2001,0.04
07/05/2001,0.04
07/05/2001,0.04
13/05/2001,0.06
20/05/2001,0.04
30/05/2001,0.04
03/06/2001,0.04
01/07/2001,0.04
08/07/2001,0.06
22/07/2001,0.04
29/07/2001,0.04
12/08/2001,0.15
18/08/2001,0.05
29/08/2001,0.12
02/09/2001,0.09
09/09/2001,0.04
16/09/2001,0.04
23/09/2001,0.07
21/10/2001,0.08
04/11/2001,0.12
18/11/2001,0.14
25/11/2001,0.22
09/12/2001,0.18
16/12/2001,0.17
07/01/2002,0.14
12/02/2002,0.24
07/04/2002,0.59
30/04/2002,0.37
06/05/2002,0.28
16/05/2002,0.24
27/05/2002,
11/06/2002,0.18
18/06/2002,0.32
24/06/2002,0.28
01/07/2002,0.26
09/07/2002,0.17
16/07/2002,0.15
22/07/2002,0.09
29/07/2002,0.15
05/08/2002,0.11
12/08/2002,0.22
19/08/2002,0.32
28/08/2002,0.27
02/09/2002,0.22
09/09/2002,0.22
16/09/2002,0.36
23/09/2002,0.22
30/09/2002,0.35
07/10/2002,0.37
14/10/2002,0.31
28/10/2002,0.41
04/11/2002,0.65
18/11/2002,0.57
25/11/2002,0.66
03/12/2002,0.73
16/12/2002,0.62
06/01/2003,0.66
13/01/2003,0.73
22/01/2003,0.95
27/01/2003,0.77
03/02/2003,0.67
10/02/2003,0.85
17/02/2003,0.73
03/03/2003,0.72
11/03/2003,
17/03/2003,0.79
31/03/2003,0.69
07/04/2003,0.48
14/04/2003,1.05
22/04/2003,0.45
07/05/2003,0.54
12/05/2003,0.26
19/05/2003,0.18
28/05/2003,0.14
02/06/2003,0.11
09/06/2003,0.17
16/06/2003,0.13
23/06/2003,0.18
30/06/2003,0.1
07/07/2003,0.1
14/07/2003,0.09
21/07/2003,0.18
28/07/2003,0.11
04/08/2003,0.05
11/08/2003,0.89
20/08/2003,0.39
27/08/2003,0.41
02/09/2003,0.53
11/09/2003,0.71
15/09/2003,0.68
24/09/2003,0.38
29/09/2003,
13/10/2003,0.53
21/10/2003,0.73
27/10/2003,0.51
06/11/2003,0.47
10/11/2003,0.42
24/11/2003,0.51
10/12/2003,0.51
15/12/2003,0.58
21/01/2004,0.58
28/01/2004,0.63
12/02/2004,0.69
16/02/2004,0.58
01/03/2004,0.43
17/03/2004,0.45
29/03/2004,0.44
13/04/2004,0.36
22/04/2004,0.26
26/04/2004,0.13
10/05/2004,0.07
17/05/2004,0.03
24/05/2004,0.4
02/06/2004,0.12
07/06/2004,0.15
14/06/2004,0.21
21/06/2004,0.14
30/06/2004,0
06/07/2004,0.04
12/07/2004,0.22
21/07/2004,0.05
02/08/2004,0
09/08/2004,0
16/08/2004,0.1
25/08/2004,0.15
31/08/2004,0.1
06/09/2004,0
21/09/2004,0.04
27/09/2004,0.14
18/10/2004,0.23
26/10/2004,0.26
01/11/2004,0.35
09/11/2004,0.3
16/11/2004,0.33
23/11/2004,0.38
29/11/2004,
06/12/2004,0.52
20/12/2004,0.48
19/01/2005,0.36
24/01/2005,0.55
15/02/2005,0.53
04/05/2005,0.35
09/05/2005,0.35
16/05/2005,0.39
01/06/2005,
06/06/2005,0.43
13/06/2005,0.37
20/06/2005,0.34
27/06/2005,0.26
04/07/2005,0.3
11/07/2005,0.24
25/07/2005,0.21
01/08/2005,0.2
15/08/2005,0.36
30/08/2005,0.23
05/09/2005,0.06
12/09/2005,0.04
19/09/2005,0.04
26/09/2005,0.05
03/10/2005,0.04
10/10/2005,0.2
17/10/2005,0.15
01/11/2005,0.43
07/11/2005,0.29
15/11/2005,0.38
22/11/2005,0.3
05/12/2005,0.38
12/12/2005,0.31
19/12/2005,0.32
28/12/2005,
16/01/2006,0.32
23/01/2006,0.46
02/02/2006,0.2
06/02/2006,
13/02/2006,0.59
21/02/2006,0.43
27/02/2006,0.44
06/03/2006,0.58
15/03/2006,0.53
20/03/2006,0.48
29/03/2006,0.43
03/04/2006,0.55
11/04/2006,0.2
18/04/2006,0.1
04/05/2006,0.13
08/05/2006,0.39
15/05/2006,0.42
23/05/2006,0.38
06/06/2006,0.15
12/06/2006,0.18
20/06/2006,0.16
27/06/2006,0.16
03/07/2006,0.09
17/07/2006,0.13
17/07/2006,0.13
07/08/2006,0.13
14/08/2006,0.2
21/08/2006,0.34
29/08/2006,0.23
29/08/2006,0.23
04/09/2006,0.1
04/09/2006,0.11
12/09/2006,0.2
25/09/2006,0.26
25/09/2006,0.42
03/10/2006,0.23
09/10/2006,0.21
30/10/2006,0.38
06/11/2006,0.33
06/11/2006,0.33
12/12/2006,0.39
12/12/2006,0.39
12/12/2006,0.39
12/12/2006,0.39
15/01/2007,0.4
15/01/2007,0.4
15/01/2007,0.42
15/01/2007,0.41
22/01/2007,0.37
22/01/2007,0.4
22/01/2007,0.4
22/01/2007,0.4
29/01/2007,0.41
29/01/2007,0.44
29/01/2007,0.43
29/01/2007,0.45
05/02/2007,0.42
05/02/2007,0.44
05/02/2007,0.44
05/02/2007,0.44
16/02/2007,0.5
16/02/2007,0.52
16/02/2007,0.65
16/02/2007,0.65
20/02/2007,0.48
20/02/2007,0.52
20/02/2007,
20/02/2007,
26/02/2007,0.48
26/02/2007,0.52
26/02/2007,0.49
26/02/2007,0.49
12/03/2007,0.49
12/03/2007,0.49
12/03/2007,0.41
12/03/2007,0.44
20/03/2007,
20/03/2007,
20/03/2007,
20/03/2007,
26/03/2007,0.38
26/03/2007,0.4
26/03/2007,0.4
26/03/2007,0.41
10/04/2007,0.25
10/04/2007,0.29
10/04/2007,0.25
10/04/2007,0.26
16/04/2007,0.1
16/04/2007,0.11
16/04/2007,0.11
16/04/2007,0.11
23/04/2007,0.12
23/04/2007,0.12
23/04/2007,0.14
23/04/2007,0.14
30/04/2007,0.03
30/04/2007,0.04
08/05/2007,0.04
08/05/2007,0.05
08/05/2007,0.05
08/05/2007,0.04
21/05/2007,0.12
21/05/2007,0.13
21/05/2007,0.12
21/05/2007,0.12
04/06/2007,0.03
04/06/2007,0.03
04/06/2007,0.03
04/06/2007,0.03
11/06/2007,0.05
11/06/2007,0.052
11/06/2007,0.035
11/06/2007,0.042
18/06/2007,0.04
18/06/2007,0.04
18/06/2007,0.04
18/06/2007,0.04
25/06/2007,0.03
25/06/2007,0.03
25/06/2007,0.03
25/06/2007,0.03
03/07/2007,0.04
03/07/2007,0.04
03/07/2007,0.03
03/07/2007,0.04
09/07/2007,0.03
09/07/2007,0.03
09/07/2007,
09/07/2007,
16/07/2007,0.04
16/07/2007,0.03
16/07/2007,
16/07/2007,
23/07/2007,0.03
23/07/2007,0.03
23/07/2007,
23/07/2007,
30/07/2007,0.03
30/07/2007,0.03
30/07/2007,
30/07/2007,
06/08/2007,0.03
06/08/2007,0.03
06/08/2007,0.03
06/08/2007,
13/08/2007,0.03
13/08/2007,0.03
13/08/2007,
13/08/2007,
20/08/2007,0.13
20/08/2007,0.13
20/08/2007,0.11
20/08/2007,0.12
28/08/2007,0.04
28/08/2007,0.04
28/08/2007,0.03
28/08/2007,0.03
03/09/2007,0.02
03/09/2007,0.02
03/09/2007,0.01
03/09/2007,0.02
10/09/2007,0.06
10/09/2007,0.06
10/09/2007,
10/09/2007,
17/09/2007,0.15
17/09/2007,0.15
17/09/2007,0.11
17/09/2007,0.12
28/09/2007,0.16
28/09/2007,0.16
28/09/2007,0.13
28/09/2007,0.15
02/10/2007,0.2
02/10/2007,0.2
02/10/2007,0.18
02/10/2007,0.2
08/10/2007,0.21
08/10/2007,0.21
08/10/2007,0.19
08/10/2007,0.2
25/10/2007,0.19
25/10/2007,0.3
25/10/2007,0.22
25/10/2007,0.34
30/10/2007,0.27
30/10/2007,0.27
30/10/2007,0.26
30/10/2007,0.27
05/11/2007,0.21
05/11/2007,0.21
05/11/2007,0.18
05/11/2007,0.19
12/11/2007,0.25
12/11/2007,0.25
12/11/2007,0.21
12/11/2007,0.23
22/11/2007,0.24
22/11/2007,0.25
26/11/2007,0.27
26/11/2007,0.27
11/12/2007,0.44
11/12/2007,0.43
11/12/2007,0.37
11/12/2007,0.4
28/01/2008,0.5
28/01/2008,0.51
28/01/2008,0.46
28/01/2008,0.48
08/02/2008,0.52
08/02/2008,0.53
08/02/2008,0.51
08/02/2008,0.54
20/02/2008,0.52
20/02/2008,0.51
20/02/2008,0.47
20/02/2008,0.5
27/02/2008,0.48
27/02/2008,0.48
27/02/2008,0.46
27/02/2008,0.49
05/03/2008,0.45
05/03/2008,0.45
05/03/2008,0.41
05/03/2008,0.43
17/03/2008,0.41
17/03/2008,0.41
17/03/2008,0.41
17/03/2008,0.41
31/03/2008,0.53
31/03/2008,0.44
31/03/2008,0.49
31/03/2008,0.43
07/04/2008,0.38
07/04/2008,0.39
07/04/2008,0.39
07/04/2008,0.39
14/04/2008,0.35
14/04/2008,0.37
14/04/2008,0.35
14/04/2008,0.37
21/04/2008,0.38
21/04/2008,0.38
21/04/2008,0.35
21/04/2008,0.34
28/04/2008,0.14
28/04/2008,0.14
28/04/2008,0.1
28/04/2008,0.12
06/05/2008,0.02
06/05/2008,0
06/05/2008,0.02
06/05/2008,0.02
12/05/2008,0.03
12/05/2008,0.02
12/05/2008,0
12/05/2008,0.02
19/05/2008,0.16
19/05/2008,0.16
19/05/2008,0.2
19/05/2008,0.18
28/05/2008,0.16
28/05/2008,0.16
28/05/2008,0.14
28/05/2008,0.18
02/06/2008,0.11
02/06/2008,0.11
02/06/2008,0.1
02/06/2008,0.11
09/06/2008,0.15
09/06/2008,0.16
09/06/2008,0.12
09/06/2008,0.13
16/06/2008,0.21
16/06/2008,0.22
16/06/2008,0.22
16/06/2008,0.22
23/06/2008,0.18
23/06/2008,0.17
23/06/2008,0.21
23/06/2008,0.18
30/06/2008,0.04
30/06/2008,0.05
30/06/2008,0.03
30/06/2008,0.03
14/07/2008,0.04
14/07/2008,0.04
14/07/2008,0.04
14/07/2008,0.04
21/07/2008,0.01
21/07/2008,0.01
21/07/2008,0.02
21/07/2008,0.03
28/07/2008,0.01
28/07/2008,0.01
28/07/2008,0.01
28/07/2008,0.02
26/08/2008,0
26/08/2008,0
26/08/2008,0.04
26/08/2008,0.03
02/09/2008,0
02/09/2008,0
02/09/2008,0
02/09/2008,0.02
10/09/2008,0.02
10/09/2008,0
10/09/2008,0.04
10/09/2008,0.05
15/09/2008,0
15/09/2008,0
15/09/2008,0.03
15/09/2008,0.02
22/09/2008,0.1
22/09/2008,0.09
22/09/2008,0.11
22/09/2008,0.11
29/09/2008,
29/09/2008,
29/09/2008,
29/09/2008,
06/10/2008,
06/10/2008,0.2
06/10/2008,0.23
06/10/2008,0.24
13/10/2008,0.2
13/10/2008,0.21
13/10/2008,0.23
13/10/2008,0.24
21/10/2008,0.32
21/10/2008,0.33
21/10/2008,0.35
21/10/2008,0.37
27/10/2008,0.32
27/10/2008,0.33
27/10/2008,0.34
27/10/2008,0.34
03/11/2008,0.26
03/11/2008,0.27
03/11/2008,0.34
03/11/2008,0.32
17/11/2008,0.39
17/11/2008,0.41
17/11/2008,0.4
17/11/2008,0.41
26/11/2008,0.44
26/11/2008,0.46
26/11/2008,0.43
26/11/2008,0.44
01/12/2008,0.47
01/12/2008,0.48
01/12/2008,0.5
01/12/2008,0.51
08/12/2008,0.45
08/12/2008,0.45
08/12/2008,0.44
08/12/2008,0.46
15/12/2008,0.44
15/12/2008,0.48
15/12/2008,0.49
15/12/2008,0.52
22/12/2008,0.4
22/12/2008,0.4
22/12/2008,0.43
22/12/2008,0.44
05/01/2009,0.45
05/01/2009,0.46
05/01/2009,0.48
05/01/2009,0.49
13/01/2009,0.43
13/01/2009,0.44
13/01/2009,0.46
13/01/2009,0.48
21/01/2009,0.55
21/01/2009,0.56
21/01/2009,0.59
21/01/2009,0.59
26/01/2009,0.45
26/01/2009,0.45
26/01/2009,0.48
26/01/2009,0.5
11/02/2009,0.47
11/02/2009,0.47
11/02/2009,0.51
11/02/2009,0.55
16/02/2009,
16/02/2009,
16/02/2009,
16/02/2009,
23/02/2009,0.48
23/02/2009,0.49
23/02/2009,0.49
23/02/2009,0.51
02/03/2009,0.42
02/03/2009,0.43
02/03/2009,0.45
02/03/2009,0.46
09/03/2009,0.43
09/03/2009,0.43
09/03/2009,0.44
09/03/2009,0.45
16/03/2009,0.33
16/03/2009,0.38
16/03/2009,0.39
16/03/2009,0.4
23/03/2009,0.35
23/03/2009,0.39
23/03/2009,0.41
23/03/2009,
30/03/2009,0.26
30/03/2009,0.29
30/03/2009,0.3
30/03/2009,0.31
06/04/2009,0.24
06/04/2009,0.29
06/04/2009,0.3
06/04/2009,0.3
14/04/2009,0.22
14/04/2009,0.28
14/04/2009,0.29
14/04/2009,0.31
21/04/2009,0.11
21/04/2009,0.14
21/04/2009,
21/04/2009,0.2
27/04/2009,0.09
27/04/2009,
27/04/2009,0.13
27/04/2009,0.13
05/05/2009,0.11
05/05/2009,0.15
05/05/2009,0.16
05/05/2009,0.16
14/05/2009,0.05
14/05/2009,0.06
14/05/2009,0.06
14/05/2009,0.06
21/05/2009,0.02
21/05/2009,0.04
21/05/2009,0.06
21/05/2009,0.07
02/06/2009,0
02/06/2009,
02/06/2009,0.07
02/06/2009,0.06
08/06/2009,0.04
08/06/2009,
08/06/2009,0.11
08/06/2009,0.09
15/06/2009,0.16
15/06/2009,0.16
15/06/2009,0.05
15/06/2009,
22/06/2009,0
22/06/2009,0
22/06/2009,0.02
22/06/2009,0.02
29/06/2009,
29/06/2009,
29/06/2009,
29/06/2009,
07/07/2009,0.05
07/07/2009,0.04
07/07/2009,0.03
07/07/2009,0.03
13/07/2009,0.02
13/07/2009,0.04
13/07/2009,0.03
13/07/2009,0.03
20/07/2009,0.04
20/07/2009,0.05
20/07/2009,0.03
20/07/2009,0.03
27/07/2009,
27/07/2009,
27/07/2009,
27/07/2009,
11/08/2009,0.05
11/08/2009,0.04
11/08/2009,0.03
11/08/2009,0.03
17/08/2009,0.01
17/08/2009,0.01
17/08/2009,0.03
17/08/2009,0.03
24/08/2009,0.05
24/08/2009,0.08
24/08/2009,0.08
24/08/2009,0.08
01/09/2009,0.05
01/09/2009,0.05
01/09/2009,0.04
01/09/2009,0.04
07/09/2009,0.05
07/09/2009,0.06
07/09/2009,0.04
07/09/2009,0.04
14/09/2009,0.13
14/09/2009,0.17
14/09/2009,0.19
14/09/2009,0.19
22/09/2009,
22/09/2009,0.19
22/09/2009,0.18
22/09/2009,0.2
30/09/2009,0.14
30/09/2009,0.15
30/09/2009,0.18
30/09/2009,0.17
07/10/2009,0.13
07/10/2009,0.15
07/10/2009,0.15
07/10/2009,0.16
12/10/2009,
12/10/2009,0.19
12/10/2009,0.19
12/10/2009,0.19
19/10/2009,
19/10/2009,0.2
19/10/2009,0.21
19/10/2009,0.21
26/10/2009,0.2
26/10/2009,0.23
26/10/2009,0.24
26/10/2009,0.24
09/11/2009,0.3
09/11/2009,0.34
09/11/2009,0.34
09/11/2009,0.34
01/12/2009,0.51
01/12/2009,0.53
01/12/2009,0.56
01/12/2009,0.56
09/12/2009,
09/12/2009,0.49
09/12/2009,0.51
09/12/2009,0.51
15/12/2009,
15/12/2009,0.55
15/12/2009,0.57
15/12/2009,0.58
21/12/2009,0.47
21/12/2009,0.51
21/12/2009,0.5
21/12/2009,0.52
04/01/2010,0.51
04/01/2010,0.54
04/01/2010,0.56
04/01/2010,0.58
11/01/2010,0.51
11/01/2010,0.57
11/01/2010,0.59
11/01/2010,0.6
18/01/2010,0.59
18/01/2010,0.63
18/01/2010,0.63
18/01/2010,0.64
26/01/2010,
26/01/2010,0.5
26/01/2010,0.53
26/01/2010,0.53
01/02/2010,0.52
01/02/2010,0.53
01/02/2010,0.56
01/02/2010,0.58
08/02/2010,0.61
08/02/2010,0.62
08/02/2010,0.61
08/02/2010,0.61
15/02/2010,0.51
15/02/2010,0.52
15/02/2010,0.53
15/02/2010,0.53
25/02/2010,0.47
25/02/2010,0.48
25/02/2010,0.47
25/02/2010,0.47
01/03/2010,0.55
01/03/2010,0.56
01/03/2010,0.57
01/03/2010,0.57
08/03/2010,0.61
08/03/2010,0.59
08/03/2010,0.59
08/03/2010,0.59
15/03/2010,0.48
15/03/2010,0.5
15/03/2010,0.51
15/03/2010,0.51
23/03/2010,0.38
23/03/2010,0.45
23/03/2010,0.44
23/03/2010,0.44
07/04/2010,0.48
07/04/2010,0.49
07/04/2010,0.49
07/04/2010,0.49
12/04/2010,0.31
12/04/2010,0.32
12/04/2010,0.33
12/04/2010,0.33
19/04/2010,0.39
19/04/2010,0.4
19/04/2010,0.36
19/04/2010,0.32
26/04/2010,0.22
26/04/2010,0.22
26/04/2010,0.22
26/04/2010,0.22
04/05/2010,0.12
04/05/2010,0.13
04/05/2010,0.13
04/05/2010,0.13
10/05/2010,0.11
10/05/2010,0.13
10/05/2010,0.12
10/05/2010,0.12
17/05/2010,0.07
17/05/2010,0.08
17/05/2010,0.08
17/05/2010,0.08
24/05/2010,0.05
24/05/2010,0.05
24/05/2010,0.05
24/05/2010,0.05
02/06/2010,0.03
02/06/2010,0.04
02/06/2010,0.04
02/06/2010,0.05
07/06/2010,0.07
07/06/2010,0.08
07/06/2010,0.09
07/06/2010,0.09
14/06/2010,0.08
14/06/2010,0.08
14/06/2010,0.08
14/06/2010,0.08
21/06/2010,0.07
21/06/2010,0.07
21/06/2010,0.07
21/06/2010,0.07
29/06/2010,0.11
29/06/2010,0.12
29/06/2010,0.07
29/06/2010,0.08
06/07/2010,0.07
06/07/2010,
06/07/2010,
06/07/2010,0.1
12/07/2010,0.07
12/07/2010,0.07
12/07/2010,0.07
12/07/2010,0.06
19/07/2010,0.12
19/07/2010,0.12
19/07/2010,0.12
19/07/2010,0.12
26/07/2010,
26/07/2010,
26/07/2010,0.09
26/07/2010,0.1
03/08/2010,0.05
03/08/2010,0.07
03/08/2010,0.06
03/08/2010,0.05
11/08/2010,0.05
11/08/2010,0.04
11/08/2010,0.03
11/08/2010,0.03
16/08/2010,0.11
16/08/2010,0.11
16/08/2010,0.11
16/08/2010,0.12
31/08/2010,0.09
31/08/2010,0.1
31/08/2010,0.1
31/08/2010,0.12
06/09/2010,0.06
06/09/2010,0.07
06/09/2010,0.07
06/09/2010,0.06
13/09/2010,0.09
13/09/2010,
13/09/2010,0.13
13/09/2010,0.13
20/09/2010,0.07
20/09/2010,0.07
20/09/2010,0.07
20/09/2010,0.07
27/09/2010,0.13
27/09/2010,0.14
27/09/2010,0.13
27/09/2010,0.14
04/10/2010,0.23
04/10/2010,0.24
04/10/2010,0.22
04/10/2010,0.24
13/10/2010,0.26
13/10/2010,0.27
13/10/2010,0.27
13/10/2010,0.28
18/10/2010,0.31
18/10/2010,0.31
18/10/2010,0.32
18/10/2010,0.33
25/10/2010,0.21
25/10/2010,0.24
25/10/2010,0.28
25/10/2010,0.33
01/11/2010,
01/11/2010,
01/11/2010,0.33
01/11/2010,0.4
10/11/2010,0.34
10/11/2010,
10/11/2010,0.34
10/11/2010,
16/11/2010,
16/11/2010,0.33
16/11/2010,0.33
16/11/2010,0.34
22/11/2010,0.43
22/11/2010,0.43
22/11/2010,0.43
22/11/2010,0.43
30/11/2010,0.4
30/11/2010,0.39
30/11/2010,0.38
30/11/2010,0.38
06/12/2010,0.41
06/12/2010,0.41
06/12/2010,0.38
06/12/2010,0.36
13/12/2010,0.38
13/12/2010,0.39
13/12/2010,0.41
13/12/2010,0.41
21/12/2010,0.4
21/12/2010,0.41
21/12/2010,0.41
21/12/2010,0.39
06/01/2011,0.53
06/01/2011,0.52
06/01/2011,0.43
06/01/2011,0.46
17/01/2011,0.49
17/01/2011,0.51
17/01/2011,0.55
17/01/2011,0.48
25/01/2011,0.52
25/01/2011,0.51
25/01/2011,0.51
25/01/2011,
31/01/2011,0.44
31/01/2011,0.46
31/01/2011,0.4
31/01/2011,0.42
08/02/2011,0.44
08/02/2011,0.44
08/02/2011,0.44
08/02/2011,0.44
14/02/2011,0.47
14/02/2011,0.46
14/02/2011,0.46
14/02/2011,0.45
22/02/2011,0.52
22/02/2011,0.5
22/02/2011,0.5
22/02/2011,0.5
28/02/2011,0.47
28/02/2011,0.47
28/02/2011,0.46
28/02/2011,0.46
07/03/2011,0.4
07/03/2011,0.41
07/03/2011,0.41
07/03/2011,0.41
14/03/2011,0.32
14/03/2011,0.32
14/03/2011,0.32
14/03/2011,0.32
22/03/2011,0.31
22/03/2011,0.31
22/03/2011,0.29
22/03/2011,0.3
28/03/2011,0.31
28/03/2011,0.31
28/03/2011,0.31
28/03/2011,0.31
06/04/2011,0.11
06/04/2011,0.11
06/04/2011,0.1
06/04/2011,0.1
11/04/2011,0.04
11/04/2011,0.05
11/04/2011,0.04
11/04/2011,0.04
18/04/2011,0.03
18/04/2011,
18/04/2011,0.03
18/04/2011,0.03
26/04/2011,0.07
26/04/2011,0.07
26/04/2011,0.09
26/04/2011,0.09
16/05/2011,0.14
16/05/2011,0.18
16/05/2011,0.19
16/05/2011,0.16
01/06/2011,0.04
01/06/2011,0.04
01/06/2011,0.04
01/06/2011,0.04
06/06/2011,0.03
06/06/2011,0.03
06/06/2011,0.02
06/06/2011,0.03
14/06/2011,0.07
14/06/2011,0.07
14/06/2011,0.09
14/06/2011,0.07
20/06/2011,0.08
20/06/2011,0.08
20/06/2011,0.07
20/06/2011,0.07
27/06/2011,0.05
27/06/2011,0.05
27/06/2011,0.04
27/06/2011,0.04
04/07/2011,0.06
04/07/2011,0.05
04/07/2011,0.04
04/07/2011,0.04
11/07/2011,0.05
11/07/2011,0.05
11/07/2011,0.05
11/07/2011,0.05
19/07/2011,0.14
19/07/2011,0.14
19/07/2011,0.1
19/07/2011,0.1
25/07/2011,0.06
25/07/2011,0.06
25/07/2011,0.03
25/07/2011,0.03
01/08/2011,0.05
01/08/2011,0.05
01/08/2011,0.04
01/08/2011,0.04
08/08/2011,0.09
08/08/2011,0.1
08/08/2011,0.07
08/08/2011,0.06
15/08/2011,0.04
15/08/2011,0.05
15/08/2011,0.05
15/08/2011,0.05
22/08/2011,0.04
22/08/2011,0.04
22/08/2011,0.04
22/08/2011,0.04
30/08/2011,0.04
30/08/2011,0.04
30/08/2011,0.02
30/08/2011,0.02
15/09/2011,0.2
15/09/2011,0.2
15/09/2011,0.2
15/09/2011,0.2
19/09/2011,0.28
19/09/2011,0.28
19/09/2011,0.28
19/09/2011,0.28
26/09/2011,0.04
26/09/2011,0.04
26/09/2011,0.04
26/09/2011,0.04
03/10/2011,0.08
03/10/2011,0.08
03/10/2011,0.07
03/10/2011,0.06
12/10/2011,0.27
12/10/2011,0.27
12/10/2011,0.26
12/10/2011,0.26
17/10/2011,0.26
17/10/2011,0.27
17/10/2011,0.24
17/10/2011,0.24
25/10/2011,0.29
25/10/2011,0.29
25/10/2011,0.29
25/10/2011,0.29
01/11/2011,0.32
01/11/2011,0.32
01/11/2011,0.31
01/11/2011,0.31
08/11/2011,0.36
08/11/2011,0.36
08/11/2011,0.35
08/11/2011,0.35
16/11/2011,0.25
16/11/2011,0.25
16/11/2011,0.26
16/11/2011,0.25
21/11/2011,0.25
21/11/2011,0.25
21/11/2011,0.25
21/11/2011,0.25
19/12/2011,0.4
19/12/2011,0.39
19/12/2011,0.42
19/12/2011,0.42
09/01/2012,0.4
09/01/2012,0.41
09/01/2012,0.38
09/01/2012,0.38
16/01/2012,0.4
16/01/2012,0.4
16/01/2012,0.41
16/01/2012,0.39
23/01/2012,0.54
23/01/2012,0.54
23/01/2012,0.53
23/01/2012,0.53
30/01/2012,0.61
30/01/2012,0.58
30/01/2012,0.53
30/01/2012,0.53
07/02/2012,0.44
07/02/2012,0.44
13/02/2012,0.46
13/02/2012,0.45
20/02/2012,0.56
20/02/2012,
20/02/2012,0.53
20/02/2012,0.53
27/02/2012,0.53
27/02/2012,0.53
27/02/2012,0.52
27/02/2012,0.52
06/03/2012,0.3
06/03/2012,0.3
06/03/2012,0.4
06/03/2012,0.39
13/03/2012,0.46
13/03/2012,0.46
13/03/2012,0.44
13/03/2012,0.44
19/03/2012,0.39
19/03/2012,0.39
19/03/2012,0.36
19/03/2012,0.37
26/03/2012,0.35
26/03/2012,0.35
26/03/2012,0.35
26/03/2012,0.35
02/04/2012,0.25
02/04/2012,0.25
02/04/2012,0.23
02/04/2012,0.23
11/04/2012,0.16
11/04/2012,0.16
11/04/2012,0.16
11/04/2012,0.17
16/04/2012,0.13
16/04/2012,0.13
16/04/2012,0.12
16/04/2012,0.12
24/04/2012,0.09
24/04/2012,0.09
24/04/2012,0.08
24/04/2012,0.08
01/05/2012,0.15
01/05/2012,0.15
01/05/2012,0.12
01/05/2012,0.11
08/05/2012,0.12
08/05/2012,0.12
08/05/2012,0.1
08/05/2012,0.11
14/05/2012,0.15
14/05/2012,0.15
14/05/2012,0.14
14/05/2012,0.14
21/05/2012,0.05
21/05/2012,0.05
21/05/2012,0.03
21/05/2012,0.03
28/05/2012,0.04
28/05/2012,0.03
28/05/2012,0.02
28/05/2012,0.02
11/06/2012,0.08
11/06/2012,0.08
11/06/2012,0.07
11/06/2012,0.07
18/06/2012,0.02
18/06/2012,0.02
18/06/2012,0.02
18/06/2012,0.02
25/06/2012,
25/06/2012,
25/06/2012,
25/06/2012,
02/07/2012,0.02
02/07/2012,0.02
02/07/2012,0.04
02/07/2012,0.04
09/07/2012,0.09
09/07/2012,0.09
09/07/2012,0.07
09/07/2012,0.07
23/07/2012,0.02
23/07/2012,0.03
23/07/2012,0.02
23/07/2012,0.02
30/07/2012,0.04
30/07/2012,0.05
30/07/2012,0.03
30/07/2012,0.03
06/08/2012,0.07
06/08/2012,0.07
06/08/2012,0.05
06/08/2012,0.05
14/08/2012,0.06
14/08/2012,0.05
14/08/2012,0.03
14/08/2012,0.04
20/08/2012,0.17
20/08/2012,0.17
20/08/2012,0.15
20/08/2012,0.15
03/09/2012,0.17
03/09/2012,0.17
03/09/2012,0.14
03/09/2012,0.14
10/09/2012,0.11
10/09/2012,0.11
10/09/2012,0.13
10/09/2012,0.16
17/09/2012,0.09
17/09/2012,0.08
17/09/2012,0.07
17/09/2012,0.09
26/09/2012,0.24
26/09/2012,0.25
26/09/2012,0.22
26/09/2012,0.22
08/10/2012,0.31
08/10/2012,0.31
08/10/2012,0.25
08/10/2012,0.25
15/10/2012,0.39
15/10/2012,0.39
15/10/2012,0.32
15/10/2012,0.32
22/10/2012,0.32
22/10/2012,0.31
22/10/2012,0.3
22/10/2012,0.3
30/10/2012,0.33
30/10/2012,0.33
30/10/2012,0.34
30/10/2012,0.34
07/11/2012,0.38
07/11/2012,0.37
07/11/2012,0.38
07/11/2012,0.38
14/11/2012,0.37
14/11/2012,0.37
14/11/2012,0.37
14/11/2012,0.37
28/11/2012,0.47
28/11/2012,0.47
28/11/2012,0.48
28/11/2012,0.49
05/12/2012,0.45
05/12/2012,0.45
05/12/2012,0.43
05/12/2012,0.43
10/12/2012,0.42
10/12/2012,0.42
10/12/2012,0.44
10/12/2012,0.44
18/12/2012,0.48
18/12/2012,0.48
18/12/2012,0.46
18/12/2012,0.46
09/01/2013,0.56
09/01/2013,0.56
09/01/2013,0.51
09/01/2013,0.51
14/01/2013,0.52
14/01/2013,0.52
14/01/2013,0.5
14/01/2013,0.5
21/01/2013,0.51
21/01/2013,0.5
21/01/2013,0.49
21/01/2013,0.49
11/02/2013,0.53
11/02/2013,0.53
11/02/2013,0.51
11/02/2013,0.51
19/02/2013,0.57
19/02/2013,0.57
19/02/2013,0.56
19/02/2013,0.56
25/02/2013,0.51
25/02/2013,0.51
25/02/2013,0.51
25/02/2013,0.51
13/03/2013,0.43
13/03/2013,0.43
13/03/2013,0.42
13/03/2013,0.42
19/03/2013,0.5
19/03/2013,0.5
19/03/2013,0.5
19/03/2013,0.5
25/03/2013,0.5
25/03/2013,0.5
25/03/2013,0.5
25/03/2013,0.52
03/04/2013,0.49
03/04/2013,0.49
03/04/2013,0.47
03/04/2013,0.47
09/04/2013,0.5
09/04/2013,0.5
09/04/2013,0.5
09/04/2013,0.5
17/04/2013,0.45
17/04/2013,0.45
17/04/2013,0.44
17/04/2013,0.45
22/04/2013,0.35
22/04/2013,0.35
22/04/2013,0.35
22/04/2013,0.35
29/04/2013,0.43
29/04/2013,0.43
29/04/2013,0.43
29/04/2013,0.43
07/05/2013,0.18
07/05/2013,0.18
07/05/2013,0.18
07/05/2013,0.18
15/05/2013,0.16
15/05/2013,0.16
15/05/2013,0.14
15/05/2013,0.14
20/05/2013,0.06
20/05/2013,0.06
20/05/2013,0.07
20/05/2013,0.06
29/05/2013,0.06
29/05/2013,0.06
29/05/2013,0.05
29/05/2013,0.05
03/06/2013,0.12
03/06/2013,0.12
03/06/2013,0.12
03/06/2013,0.12
10/06/2013,
10/06/2013,
10/06/2013,
10/06/2013,
17/06/2013,0.06
17/06/2013,0.06
17/06/2013,0.05
17/06/2013,0.05
24/06/2013,0.05
24/06/2013,0.05
24/06/2013,0.04
24/06/2013,0.04
01/07/2013,0.05
01/07/2013,0.05
01/07/2013,0.03
01/07/2013,0.03
08/07/2013,0.01
08/07/2013,0.01
08/07/2013,0.01
08/07/2013,0.01
15/07/2013,0.01
15/07/2013,0.01
15/07/2013,0.01
15/07/2013,0.01
22/07/2013,0.01
22/07/2013,0.01
22/07/2013,0
22/07/2013,0
30/07/2013,0.05
30/07/2013,0.05
30/07/2013,0.04
30/07/2013,0.04
06/08/2013,
06/08/2013,
06/08/2013,
06/08/2013,
12/08/2013,0.03
12/08/2013,0.03
12/08/2013,0.02
12/08/2013,
19/08/2013,0.02
19/08/2013,0.02
19/08/2013,0.02
19/08/2013,0.02
27/08/2013,0.02
27/08/2013,0.02
27/08/2013,0.02
27/08/2013,0.02
02/09/2013,0.02
02/09/2013,0.02
02/09/2013,0.02
02/09/2013,0.02
09/09/2013,
09/09/2013,
09/09/2013,
09/09/2013,
23/09/2013,0.16
23/09/2013,0.16
23/09/2013,0.17
23/09/2013,0.16
30/09/2013,0.2
30/09/2013,0.21
30/09/2013,0.21
30/09/2013,0.22
07/10/2013,0.2
07/10/2013,0.2
07/10/2013,0.19
07/10/2013,0.19
14/10/2013,0.29
14/10/2013,0.29
14/10/2013,0.29
14/10/2013,0.27
30/10/2013,0.34
30/10/2013,0.34
04/11/2013,0.4
04/11/2013,0.41
04/11/2013,0.38
04/11/2013,0.38
11/11/2013,0.35
11/11/2013,0.34
11/11/2013,0.35
11/11/2013,0.35
18/11/2013,0.38
18/11/2013,0.38
18/11/2013,0.39
18/11/2013,0.39
25/11/2013,0.4
25/11/2013,0.4
25/11/2013,0.4
25/11/2013,0.4
02/12/2013,0.39
02/12/2013,0.39
09/12/2013,0.42
09/12/2013,0.42
09/12/2013,0.41
09/12/2013,0.41
17/12/2013,0.44
17/12/2013,0.44
17/12/2013,0.43
17/12/2013,0.44
14/01/2014,0.63
14/01/2014,0.63
14/01/2014,0.61
14/01/2014,0.61
20/01/2014,0.72
20/01/2014,0.72
20/01/2014,0.7
20/01/2014,0.7
29/01/2014,0.6
29/01/2014,0.6
29/01/2014,0.58
29/01/2014,0.58
10/02/2014,0.66
10/02/2014,0.66
10/02/2014,0.65
10/02/2014,0.65
18/02/2014,0.76
18/02/2014,0.77
18/02/2014,0.74
18/02/2014,0.74
05/03/2014,0.7
05/03/2014,0.7
05/03/2014,0.61
05/03/2014,0.62
11/03/2014,0.63
11/03/2014,0.64
11/03/2014,0.63
11/03/2014,0.64
17/03/2014,0.55
17/03/2014,0.55
17/03/2014,0.54
17/03/2014,0.55
25/03/2014,0.64
25/03/2014,0.64
25/03/2014,0.61
25/03/2014,0.61
31/03/2014,0.63
31/03/2014,0.63
31/03/2014,0.59
31/03/2014,0.59
09/04/2014,0.52
09/04/2014,0.52
09/04/2014,0.47
09/04/2014,0.47
14/04/2014,0.21
14/04/2014,0.21
14/04/2014,0.19
14/04/2014,0.21
22/04/2014,0.39
22/04/2014,0.39
22/04/2014,0.4
22/04/2014,0.4
28/04/2014,0.31
28/04/2014,0.31
28/04/2014,0.29
28/04/2014,0.29
06/05/2014,0.12
06/05/2014,0.12
06/05/2014,0.1
06/05/2014,0.1
12/05/2014,0.4
12/05/2014,0.4
12/05/2014,0.39
12/05/2014,0.39
19/05/2014,0.1
19/05/2014,0.1
19/05/2014,0.1
19/05/2014,0.1
02/06/2014,0.13
02/06/2014,0.13
02/06/2014,0.14
02/06/2014,0.12
09/06/2014,0.04
09/06/2014,0.04
09/06/2014,0.04
09/06/2014,0.04
16/06/2014,0.03
16/06/2014,0.03
16/06/2014,0.02
16/06/2014,0.03
23/06/2014,0.06
23/06/2014,0.06
23/06/2014,0.16
23/06/2014,0.14
30/06/2014,0.02
30/06/2014,0.02
30/06/2014,0.02
30/06/2014,0.01
07/07/2014,0.02
07/07/2014,0.02
07/07/2014,0.02
07/07/2014,0.02
14/07/2014,0.07
14/07/2014,0.07
14/07/2014,0.05
14/07/2014,0.05
21/07/2014,0.04
21/07/2014,0.04
21/07/2014,0.04
21/07/2014,0.04
28/07/2014,0.05
28/07/2014,0.05
28/07/2014,0.03
28/07/2014,0.03
04/08/2014,0.05
04/08/2014,0.05
04/08/2014,0.02
04/08/2014,0.02
18/08/2014,0.13
18/08/2014,0.13
18/08/2014,0.13
18/08/2014,0.11
26/08/2014,0.07
26/08/2014,0.07
26/08/2014,0.04
26/08/2014,0.04
01/09/2014,0.04
01/09/2014,0.04
01/09/2014,0.02
01/09/2014,0.02
08/09/2014,0.02
08/09/2014,0.02
08/09/2014,0.01
08/09/2014,0.01
15/09/2014,0.13
15/09/2014,0.13
15/09/2014,0.14
15/09/2014,0.14
22/09/2014,0.06
22/09/2014,0.06
22/09/2014,0.05
22/09/2014,0.05
29/09/2014,0.12
29/09/2014,0.12
29/09/2014,0.11
29/09/2014,0.12
13/10/2014,0.28
13/10/2014,0.28
13/10/2014,0.28
13/10/2014,0.28
28/10/2014,0.36
28/10/2014,0.36
28/10/2014,0.36
28/10/2014,0.36
05/11/2014,0.44
05/11/2014,0.44
05/11/2014,0.41
05/11/2014,0.42
17/11/2014,0.45
17/11/2014,0.45
17/11/2014,0.42
17/11/2014,0.42
23/11/2014,0.38
23/11/2014,
23/11/2014,0.37
23/11/2014,0.37
02/12/2014,0.41
02/12/2014,0.41
02/12/2014,0.42
02/12/2014,0.4
08/12/2014,0.41
08/12/2014,0.4
08/12/2014,0.39
08/12/2014,0.39
15/12/2014,0.42
15/12/2014,0.43
15/12/2014,0.41
15/12/2014,0.41
05/01/2015,0.48
05/01/2015,0.48
05/01/2015,0.46
05/01/2015,0.46
19/01/2015,0.47
19/01/2015,0.47
19/01/2015,0.46
19/01/2015,0.46
27/01/2015,0.54
27/01/2015,0.54
27/01/2015,0.51
27/01/2015,0.52
02/02/2015,0.45
02/02/2015,0.45
02/02/2015,0.44
02/02/2015,0.44
09/02/2015,0.45
09/02/2015,0.45
09/02/2015,0.43
09/02/2015,0.43
16/02/2015,0.47
16/02/2015,0.47
16/02/2015,0.45
16/02/2015,0.45
10/03/2015,0.36
10/03/2015,0.37
10/03/2015,0.28
10/03/2015,0.28
16/03/2015,0.32
16/03/2015,0.34
16/03/2015,0.33
16/03/2015,0.34
23/03/2015,0.29
23/03/2015,0.29
23/03/2015,0.27
23/03/2015,0.28
30/03/2015,0.29
30/03/2015,0.29
30/03/2015,0.27
30/03/2015,0.28
07/04/2015,0.25
07/04/2015,0.26
07/04/2015,0.24
07/04/2015,0.24
13/04/2015,0.12
13/04/2015,0.12
13/04/2015,0.1
13/04/2015,0.1
20/04/2015,0.17
20/04/2015,0.17
20/04/2015,0.14
20/04/2015,0.15
27/04/2015,0.06
27/04/2015,0.06
27/04/2015,0.06
27/04/2015,0.06
07/05/2015,0.1
07/05/2015,0.09
07/05/2015,0.09
07/05/2015,0.1
11/05/2015,0.13
11/05/2015,0.13
11/05/2015,0.13
11/05/2015,0.13
20/05/2015,0.11
20/05/2015,0.11
20/05/2015,0.1
20/05/2015,0.1
27/05/2015,0.03
27/05/2015,0.03
27/05/2015,0.03
27/05/2015,0.03
03/06/2015,0.13
03/06/2015,0.13
03/06/2015,0.11
03/06/2015,0.11
08/06/2015,0.08
08/06/2015,0.08
08/06/2015,0.07
08/06/2015,0.07
15/06/2015,0.03
15/06/2015,0.03
15/06/2015,0.04
15/06/2015,0.04
22/06/2015,0.07
22/06/2015,0.07
22/06/2015,0.06
22/06/2015,0.06
29/06/2015,0.05
29/06/2015,0.05
29/06/2015,0.04
29/06/2015,0.04
06/07/2015,0.04
06/07/2015,0.04
06/07/2015,0.02
06/07/2015,0.02
14/07/2015,0.04
14/07/2015,0.04
14/07/2015,0.02
14/07/2015,0.02
20/07/2015,0
20/07/2015,0
20/07/2015,0
20/07/2015,0
28/07/2015,0.06
28/07/2015,0.06
28/07/2015,0.06
28/07/2015,0.07
03/08/2015,0
03/08/2015,0
03/08/2015,0
03/08/2015,0
10/08/2015,0
10/08/2015,0
10/08/2015,0
10/08/2015,0
17/08/2015,0
17/08/2015,0
17/08/2015,0
17/08/2015,0
24/08/2015,0.05
24/08/2015,0.05
01/09/2015,0.13
01/09/2015,0.13
01/09/2015,0.14
01/09/2015,0.13
07/09/2015,0.11
07/09/2015,0.11
07/09/2015,0.12
07/09/2015,0.13
16/09/2015,0.06
16/09/2015,0.06
16/09/2015,0.09
16/09/2015,0.1
23/09/2015,0.09
23/09/2015,0.09
23/09/2015,0.13
23/09/2015,0.13
29/09/2015,0.1
29/09/2015,0.1
29/09/2015,0.09
29/09/2015,0.09
07/10/2015,0.1
07/10/2015,0.1
07/10/2015,0.08
07/10/2015,0.09
13/10/2015,0.17
13/10/2015,0.17
13/10/2015,0.16
13/10/2015,0.16
19/10/2015,0.16
19/10/2015,0.16
19/10/2015,0.15
19/10/2015,0.15
27/10/2015,0.2
27/10/2015,0.2
27/10/2015,0.18
27/10/2015,0.18
02/11/2015,0.24
02/11/2015,0.24
02/11/2015,0.22
02/11/2015,0.23
16/11/2015,0.34
16/11/2015,0.34
16/11/2015,0.34
16/11/2015,0.34
23/11/2015,0.35
23/11/2015,0.35
23/11/2015,0.34
23/11/2015,0.35
07/12/2015,0.46
07/12/2015,0.46
07/12/2015,0.44
07/12/2015,0.45
15/12/2015,0.48
15/12/2015,0.48
15/12/2015,0.46
15/12/2015,0.49
05/01/2016,0.56
05/01/2016,0.56
05/01/2016,0.48
05/01/2016,0.48
13/01/2016,0.5
13/01/2016,0.5
13/01/2016,0.47
13/01/2016,0.47
19/01/2016,0.51
19/01/2016,0.51
19/01/2016,0.47
19/01/2016,0.48
28/01/2016,0.65
28/01/2016,0.64
28/01/2016,0.54
28/01/2016,0.54
02/02/2016,0.53
02/02/2016,0.54
02/02/2016,0.52
02/02/2016,0.52
10/02/2016,0.55
10/02/2016,0.55
10/02/2016,0.53
10/02/2016,0.54
15/02/2016,0.53
15/02/2016,0.53
15/02/2016,0.5
15/02/2016,0.5
23/02/2016,0.53
23/02/2016,0.53
23/02/2016,0.52
23/02/2016,0.52
29/02/2016,0.5
29/02/2016,0.5
29/02/2016,0.5
29/02/2016,0.5
07/03/2016,0.48
07/03/2016,0.48
07/03/2016,0.46
07/03/2016,0.47
14/03/2016,0.48
14/03/2016,0.48
14/03/2016,0.47
14/03/2016,0.47
21/03/2016,0.45
21/03/2016,0.45
21/03/2016,0.45
21/03/2016,0.44
30/03/2016,0.43
30/03/2016,0.43
04/04/2016,0.36
04/04/2016,0.37
04/04/2016,0.45
04/04/2016,0.46
11/04/2016,0.42
11/04/2016,0.42
11/04/2016,0.39
11/04/2016,0.41
18/04/2016,0.34
18/04/2016,0.34
18/04/2016,0.32
18/04/2016,0.33
25/04/2016,0.38
25/04/2016,0.38
25/04/2016,0.39
25/04/2016,0.4
03/05/2016,0.2
03/05/2016,0.2
03/05/2016,0.19
03/05/2016,0.19
10/05/2016,0.11
10/05/2016,0.1
10/05/2016,0.1
10/05/2016,0.1
16/05/2016,0.08
16/05/2016,0.08
16/05/2016,0.07
16/05/2016,0.07
23/05/2016,0.07
23/05/2016,0.07
23/05/2016,0.06
23/05/2016,0.06
01/06/2016,0.04
01/06/2016,0.04
01/06/2016,0.05
01/06/2016,0.05
08/06/2016,0.05
08/06/2016,0.05
08/06/2016,0.04
08/06/2016,0.04
13/06/2016,0.04
13/06/2016,0.04
13/06/2016,0.04
13/06/2016,0.04
20/06/2016,0.02
20/06/2016,0.02
20/06/2016,0.03
20/06/2016,0.04
27/06/2016,0.03
27/06/2016,0.03
27/06/2016,0
27/06/2016,0
05/07/2016,0
04/07/2016,0
04/07/2016,0
04/07/2016,0
12/07/2016,0.03
12/07/2016,0.03
12/07/2016,0
12/07/2016,0
18/07/2016,0.03
18/07/2016,0.03
18/07/2016,0.02
18/07/2016,0.02
25/07/2016,0
25/07/2016,0
25/07/2016,0
25/07/2016,0
01/08/2016,0.05
01/08/2016,0.05
01/08/2016,0.05
01/08/2016,0.05
08/08/2016,0.02
08/08/2016,0.02
08/08/2016,0
08/08/2016,0
15/08/2016,0
15/08/2016,0
15/08/2016,0
15/08/2016,0
23/08/2016,0.04
23/08/2016,0.04
23/08/2016,
23/08/2016,
01/09/2016,
01/09/2016,
01/09/2016,
01/09/2016,
05/09/2016,0.1
05/09/2016,0.1
05/09/2016,0.09
05/09/2016,0.09
13/09/2016,0.06
13/09/2016,0.06
13/09/2016,0.02
13/09/2016,0.02
19/09/2016,0.11
19/09/2016,0.1
19/09/2016,0.1
19/09/2016,0.1
28/09/2016,0.15
28/09/2016,0.15
28/09/2016,0.13
28/09/2016,0.15
10/10/2016,0.16
10/10/2016,0.16
10/10/2016,0.14
10/10/2016,0.14
19/10/2016,0.18
19/10/2016,0.18
19/10/2016,0.19
19/10/2016,0.19
24/10/2016,0.21
24/10/2016,0.21
24/10/2016,0.21
24/10/2016,0.21
01/11/2016,0.24
01/11/2016,0.24
01/11/2016,0.23
01/11/2016,0.23
07/11/2016,0.26
07/11/2016,0.26
07/11/2016,0.24
07/11/2016,0.24
14/11/2016,0.27
14/11/2016,0.27
14/11/2016,0.26
14/11/2016,0.27
23/11/2016,
23/11/2016,
23/11/2016,
23/11/2016,
28/11/2016,0.33
28/11/2016,0.33
28/11/2016,0.32
28/11/2016,0.31
05/12/2016,0.5
05/12/2016,0.5
05/12/2016,0.48
05/12/2016,0.47
12/12/2016,0.36
12/12/2016,0.36
12/12/2016,0.34
12/12/2016,0.34
19/12/2016,0.39
19/12/2016,0.39
19/12/2016,0.37
19/12/2016,0.37
10/01/2017,0.42
10/01/2017,0.44
10/01/2017,0.43
10/01/2017,0.42
16/01/2017,0.44
16/01/2017,0.44
16/01/2017,0.41
16/01/2017,0.42
23/01/2017,0.42
23/01/2017,0.42
23/01/2017,0.4
23/01/2017,0.41
30/01/2017,0.42
30/01/2017,0.42
30/01/2017,0.42
30/01/2017,0.42
06/02/2017,0.54
06/02/2017,0.54
06/02/2017,0.44
06/02/2017,0.44
14/02/2017,0.47
14/02/2017,0.47
14/02/2017,0.43
14/02/2017,0.45
20/02/2017,0.46
20/02/2017,0.45
20/02/2017,0.44
20/02/2017,0.44
01/03/2017,0.47
01/03/2017,0.47
01/03/2017,0.44
01/03/2017,0.44
06/03/2017,0.42
06/03/2017,0.43
06/03/2017,0.43
06/03/2017,0.42
15/03/2017,0.44
15/03/2017,0.44
15/03/2017,0.43
15/03/2017,0.43
22/03/2017,0.41
22/03/2017,0.41
22/03/2017,0.41
22/03/2017,0.41
27/03/2017,0.42
27/03/2017,0.41
27/03/2017,0.4
27/03/2017,0.4
06/04/2017,0.36
06/04/2017,0.37
06/04/2017,0.35
06/04/2017,0.34
10/04/2017,0.24
10/04/2017,0.25
10/04/2017,0.23
10/04/2017,0.23
18/04/2017,0.26
18/04/2017,0.26
18/04/2017,
18/04/2017,0.24
24/04/2017,0.14
24/04/2017,0.14
24/04/2017,0.15
24/04/2017,0.15
02/05/2017,0.22
02/05/2017,0.22
02/05/2017,0.23
02/05/2017,0.23
08/05/2017,
08/05/2017,
08/05/2017,
08/05/2017,
17/05/2017,0.1
17/05/2017,0.11
17/05/2017,0.1
17/05/2017,0.1
22/05/2017,0.05
22/05/2017,0.05
22/05/2017,0.05
22/05/2017,0.05
31/05/2017,0.03
31/05/2017,0.03
31/05/2017,0
31/05/2017,0
12/06/2017,0.07
12/06/2017,0.07
12/06/2017,0.07
12/06/2017,0.07
19/06/2017,0
19/06/2017,0
19/06/2017,0
19/06/2017,0
26/06/2017,0.03
26/06/2017,0.03
26/06/2017,0.03
26/06/2017,0.03
03/07/2017,0.04
03/07/2017,0.04
03/07/2017,0.03
03/07/2017,0.03
17/07/2017,0.04
17/07/2017,0.05
17/07/2017,0.03
17/07/2017,0.04
24/07/2017,0.07
24/07/2017,0.08
24/07/2017,0.06
24/07/2017,0.06
31/07/2017,0.05
31/07/2017,0.05
31/07/2017,0.05
31/07/2017,0.04
07/08/2017,0
07/08/2017,0
07/08/2017,0
07/08/2017,0
14/08/2017,0.03
14/08/2017,0.03
14/08/2017,0
14/08/2017,0
21/08/2017,0
21/08/2017,0
21/08/2017,0
21/08/2017,0
29/08/2017,0
29/08/2017,0
29/08/2017,0
29/08/2017,0
04/09/2017,0.04
04/09/2017,0.04
04/09/2017,0.03
04/09/2017,0.03
18/09/2017,0.17
18/09/2017,0.17
18/09/2017,0.14
18/09/2017,0.14
25/09/2017,0.2
25/09/2017,0.2
25/09/2017,0.17
25/09/2017,0.17
03/10/2017,0.27
03/10/2017,0.28
03/10/2017,0.24
03/10/2017,0.25
25/10/2017,0.33
25/10/2017,0.33
25/10/2017,0.3
25/10/2017,0.3
30/10/2017,0.35
30/10/2017,0.36
30/10/2017,0.31
30/10/2017,0.31
06/11/2017,0.36
06/11/2017,0.34
13/11/2017,0.35
13/11/2017,0.35
13/11/2017,0.34
13/11/2017,0.35
21/11/2017,0.39
21/11/2017,0.39
21/11/2017,0.33
21/11/2017,0.33
28/11/2017,0.41
28/11/2017,0.41
28/11/2017,0.4
28/11/2017,0.4
04/12/2017,0.38
04/12/2017,0.38
04/12/2017,
04/12/2017,0.38
12/12/2017,0.44
12/12/2017,0.45
12/12/2017,0.43
12/12/2017,0.44
18/12/2017,0.44
18/12/2017,0.44
18/12/2017,0.44
18/12/2017,0.43
09/01/2018,0.5
09/01/2018,0.5
09/01/2018,0.48
09/01/2018,0.48
22/01/2018,0.51
22/01/2018,0.5
22/01/2018,0.5
22/01/2018,0.5
30/01/2018,0.47
30/01/2018,0.48
30/01/2018,0.47
30/01/2018,0.48
05/02/2018,0.49
05/02/2018,0.5
05/02/2018,0.47
05/02/2018,0.47
12/02/2018,0.45
12/02/2018,0.44
12/02/2018,
12/02/2018,0.46
19/02/2018,0.47
19/02/2018,0.47
19/02/2018,0.43
19/02/2018,0.44
28/02/2018,
28/02/2018,
28/02/2018,
28/02/2018,
05/03/2018,0.46
05/03/2018,0.46
05/03/2018,0.44
05/03/2018,0.45
12/03/2018,0.54
12/03/2018,0.54
12/03/2018,0.53
12/03/2018,0.48
20/03/2018,0.5
20/03/2018,0.52
20/03/2018,0.44
20/03/2018,0.44
26/03/2018,0.45
26/03/2018,0.45
26/03/2018,0.41
26/03/2018,0.43
05/04/2018,0.43
05/04/2018,0.43
05/04/2018,
05/04/2018,0.42
10/04/2018,0.35
10/04/2018,0.35
10/04/2018,0.36
10/04/2018,0.36
19/04/2018,0.24
19/04/2018,0.25
19/04/2018,0.23
19/04/2018,0.24
23/04/2018,0.26
23/04/2018,0.26
23/04/2018,0.26
23/04/2018,0.27
30/04/2018,0.11
30/04/2018,0.11
30/04/2018,0.09
30/04/2018,0.09
08/05/2018,0.04
08/05/2018,0.04
08/05/2018,0.03
08/05/2018,0.03
14/05/2018,0
14/05/2018,0
14/05/2018,0
14/05/2018,0
21/05/2018,0.06
21/05/2018,0.07
21/05/2018,0.07
21/05/2018,0.07
30/05/2018,0.1
30/05/2018,0.1
30/05/2018,0.07
30/05/2018,0.07
04/06/2018,0.03
04/06/2018,0.03
04/06/2018,0
04/06/2018,0
11/06/2018,0.02
11/06/2018,0.02
11/06/2018,0.03
11/06/2018,0.03
18/06/2018,0.06
18/06/2018,0.06
18/06/2018,0.04
18/06/2018,0.04
25/06/2018,0.04
25/06/2018,0.04
25/06/2018,0.04
25/06/2018,0.04
02/07/2018,0.03
02/07/2018,0.02
02/07/2018,0
02/07/2018,0
09/07/2018,0.03
09/07/2018,0.05
09/07/2018,0.02
09/07/2018,0.03
16/07/2018,0
16/07/2018,0
16/07/2018,0
16/07/2018,0
23/07/2018,0.03
23/07/2018,0.04
23/07/2018,0.02
23/07/2018,0.03
30/07/2018,0.1
30/07/2018,0.09
30/07/2018,0.09
30/07/2018,0.09
06/08/2018,0.04
06/08/2018,0.04
06/08/2018,0
06/08/2018,0
13/08/2018,
13/08/2018,0.05
20/08/2018,0.03
20/08/2018,0.03
20/08/2018,
20/08/2018,0.06
28/08/2018,0.02
28/08/2018,0.02
28/08/2018,0.03
28/08/2018,0.02
03/09/2018,0.13
03/09/2018,0.14
10/09/2018,0.13
10/09/2018,0.14
10/09/2018,0.07
10/09/2018,0.06
17/09/2018,0.11
17/09/2018,
17/09/2018,0.03
17/09/2018,0.02
24/09/2018,0.16
24/09/2018,0.16
24/09/2018,0.13
24/09/2018,0.13
01/10/2018,0.19
01/10/2018,0.2
01/10/2018,0.18
01/10/2018,0.19
08/10/2018,0.23
08/10/2018,0.22
08/10/2018,0.22
08/10/2018,0.21
17/10/2018,0.44
17/10/2018,0.46
17/10/2018,0.43
17/10/2018,0.45
22/10/2018,0.42
22/10/2018,0.42
22/10/2018,
22/10/2018,0.4
29/10/2018,0.29
29/10/2018,0.31
29/10/2018,0.29
29/10/2018,0.29
05/11/2018,0.35
05/11/2018,0.34
05/11/2018,
05/11/2018,0.33
13/11/2018,0.43
13/11/2018,0.43
13/11/2018,0.39
13/11/2018,0.41
20/11/2018,0.39
20/11/2018,0.4
20/11/2018,
20/11/2018,0.51
26/11/2018,0.35
26/11/2018,0.34
26/11/2018,0.35
26/11/2018,0.35
04/12/2018,0.45
04/12/2018,0.44
04/12/2018,0.45
04/12/2018,0.44
10/12/2018,0.57
10/12/2018,0.59
10/12/2018,
10/12/2018,0.56
17/12/2018,0.51
17/12/2018,0.49
17/12/2018,0.48
17/12/2018,0.49
07/01/2019,0.51
07/01/2019,0.53
07/01/2019,0.59
07/01/2019,0.57
14/01/2019,0.5
14/01/2019,0.49
14/01/2019,0.47
14/01/2019,0.47
24/01/2019,0.72
24/01/2019,0.73
24/01/2019,0.64
24/01/2019,0.64
28/01/2019,0.61
28/01/2019,0.6
28/01/2019,0.65
28/01/2019,0.65
06/02/2019,0.57
06/02/2019,0.56
06/02/2019,
06/02/2019,0.55
11/02/2019,0.57
11/02/2019,0.57
11/02/2019,
11/02/2019,0.54
18/02/2019,0.5
18/02/2019,0.5
18/02/2019,0.44
18/02/2019,0.46
26/02/2019,
26/02/2019,0.65
26/02/2019,0.72
26/02/2019,0.7
08/03/2019,0.6
08/03/2019,0.6
08/03/2019,
08/03/2019,0.6
11/03/2019,0.52
11/03/2019,0.53
11/03/2019,0.51
11/03/2019,0.51
18/03/2019,0.5
18/03/2019,0.51
18/03/2019,0.47
18/03/2019,0.47
25/03/2019,0.47
25/03/2019,0.48
25/03/2019,0.45
25/03/2019,0.45
01/04/2019,0.55
01/04/2019,0.55
01/04/2019,0.58
01/04/2019,0.59
09/04/2019,0.5
09/04/2019,0.48
09/04/2019,
09/04/2019,0.52
16/04/2019,0.26
16/04/2019,0.27
16/04/2019,0.26
16/04/2019,0.27
23/04/2019,0.22
23/04/2019,0.17
23/04/2019,0.21
23/04/2019,0.21
29/04/2019,0.16
29/04/2019,0.17
29/04/2019,
29/04/2019,
07/05/2019,
07/05/2019,
07/05/2019,
07/05/2019,
13/05/2019,
13/05/2019,
13/05/2019,
13/05/2019,
20/05/2019,
20/05/2019,
20/05/2019,
20/05/2019,
30/05/2019,
30/05/2019,
30/05/2019,
30/05/2019,
03/06/2019,
03/06/2019,
03/06/2019,
03/06/2019,
10/06/2019,
10/06/2019,
10/06/2019,
10/06/2019,
17/06/2019,
17/06/2019,
24/06/2019,
24/06/2019,
24/06/2019,
24/06/2019,
01/07/2019,
01/07/2019,
01/07/2019,
01/07/2019,
15/07/2019,
15/07/2019,
15/07/2019,
15/07/2019,
22/07/2019,
22/07/2019,
22/07/2019,
22/07/2019,
29/07/2019,
29/07/2019,
29/07/2019,
29/07/2019,
05/08/2019,
05/08/2019,
05/08/2019,
05/08/2019,
12/08/2019,0.03
12/08/2019,0.03
12/08/2019,0.04
12/08/2019,0.03
19/08/2019,0.02
19/08/2019,0.02
19/08/2019,0.03
19/08/2019,0.03
27/08/2019,0.04
27/08/2019,0.04
27/08/2019,0.05
27/08/2019,0.05
02/09/2019,0.06
02/09/2019,0.05
02/09/2019,0.06
02/09/2019,
09/09/2019,0.26
09/09/2019,0.26
09/09/2019,0.24
09/09/2019,0.25
16/09/2019,0.12
16/09/2019,0.13
16/09/2019,0.14
16/09/2019,0.13
02/10/2019,0.24
02/10/2019,0.24
02/10/2019,0.23
02/10/2019,0.23
21/10/2019,
21/10/2019,
21/10/2019,
21/10/2019,
26/10/2019,
26/10/2019,
26/10/2019,
26/10/2019,
05/11/2019,
05/11/2019,
05/11/2019,
05/11/2019,
11/11/2019,
11/11/2019,
11/11/2019,
11/11/2019,
18/11/2019,
18/11/2019,
18/11/2019,
18/11/2019,
25/11/2019,
25/11/2019,
25/11/2019,
25/11/2019,
02/12/2019,0.53
02/12/2019,0.53
02/12/2019,0.51
02/12/2019,0.52
17/12/2019,0.45
17/12/2019,0.46
17/12/2019,0.41
17/12/2019,0.42
08/01/2020,0.48
08/01/2020,0.48
08/01/2020,0.46
08/01/2020,0.46
20/01/2020,0.53
20/01/2020,0.53
20/01/2020,0.48
20/01/2020,0.49
29/01/2020,0.52
29/01/2020,0.52
29/01/2020,0.48
29/01/2020,0.47
05/02/2020,0.5
05/02/2020,0.51
05/02/2020,0.49
05/02/2020,0.5
27/02/2020,0.56
27/02/2020,0.56
27/02/2020,0.56
27/02/2020,0.55
02/03/2020,0.71
02/03/2020,0.71
02/03/2020,0.62
02/03/2020,0.62
16/03/2020,0.47
16/03/2020,0.47
16/03/2020,0.43
16/03/2020,0.46
23/03/2020,0.43
23/03/2020,0.43
23/03/2020,0.41
23/03/2020,0.41
01/04/2020,
01/04/2020,0.47
07/04/2020,0.4
07/04/2020,0.41
14/04/2020,0.37
14/04/2020,0.38
23/04/2020,
23/04/2020,0.25
27/04/2020,0.22
27/04/2020,0.23
04/05/2020,0.18
04/05/2020,0.19
12/05/2020,0.21
12/05/2020,0.2
18/05/2020,0.24
18/05/2020,0.21
27/05/2020,
27/05/2020,0.08
01/06/2020,0.13
01/06/2020,0.13
08/06/2020,
08/06/2020,
15/06/2020,0.19
15/06/2020,0.19
23/06/2020,0.14
23/06/2020,0.15
01/07/2020,0.06
01/07/2020,0.06
07/07/2020,0.05
07/07/2020,0.05
14/07/2020,0
14/07/2020,0
20/07/2020,0
20/07/2020,0
28/07/2020,0.08
28/07/2020,0.08
03/08/2020,0
03/08/2020,0
10/08/2020,0
10/08/2020,0
17/08/2020,0.08
17/08/2020,0.08
24/08/2020,0.12
24/08/2020,0.12
01/09/2020,0.06
01/09/2020,0.06
07/09/2020,0.11
07/09/2020,0.11
14/09/2020,0.09
14/09/2020,0.09
21/09/2020,0.17
21/09/2020,0.17
28/09/2020,0.2
28/09/2020,0.2
12/10/2020,0.26
12/10/2020,0.26
04/11/2020,0.45
04/11/2020,0.45
09/11/2020,0.37
09/11/2020,0.37
23/11/2020,0.41
23/11/2020,0.41
30/11/2020,0.4
30/11/2020,0.4
07/12/2020,0.4
07/12/2020,0.4
04/01/2021,0.49
04/01/2021,0.49
11/01/2021,0.48
11/01/2021,0.49
18/01/2021,0.55
18/01/2021,0.56
25/01/2021,0.51
25/01/2021,0.51
04/02/2021,0.57
04/02/2021,0.58
08/02/2021,0.54
08/02/2021,0.54
22/02/2021,0.6
22/02/2021,0.6
01/03/2021,0.53
01/03/2021,0.53
08/03/2021,0.52
08/03/2021,0.53
23/03/2021,0.51
23/03/2021,0.5
30/03/2021,0.41
30/03/2021,0.41
06/04/2021,0.44
06/04/2021,0.44
13/04/2021,0.36
13/04/2021,0.36
20/04/2021,0.18
20/04/2021,0.19
27/04/2021,0.12
27/04/2021,0.12
05/05/2021,0.1
05/05/2021,0.1
12/05/2021,0.1
12/05/2021,0.1
17/05/2021,0.11
17/05/2021,0.11
25/05/2021,0.12
25/05/2021,0.12
02/06/2021,0.04
02/06/2021,0.04
07/06/2021,0.03
07/06/2021,0.03
14/06/2021,0.07
14/06/2021,0.07
21/06/2021,0.02
21/06/2021,0.02
28/06/2021,0
28/06/2021,0
05/07/2021,0.03
05/07/2021,0.03
12/07/2021,0
12/07/2021,0
19/07/2021,0.03
19/07/2021,0.04
26/07/2021,0.03
26/07/2021,0.03
02/08/2021,0.05
02/08/2021,0.05
10/08/2021,0.03
10/08/2021,0.04
16/08/2021,0.02
16/08/2021,0.02
23/08/2021,0.02
23/08/2021,0.02
31/08/2021,0.03
31/08/2021,0.03
06/09/2021,0.08
06/09/2021,0.08
13/09/2021,0.14
13/09/2021,0.15
